178,Sloane Mcclain,1916/02/13,3514 Edward,Mesa,85475,Arizona,509 536 5006
849,Jay Mathews,1901/02/16,7591 College,Tallahassee,32372,Florida,773 209 1137
791,Melanie Arnold,1936/03/31,244 113th,Santa Ana,92601,California,859 398 0843
420,Caiden Stark,1985/10/13,7396 Mautene,Columbia,29004,South Carolina,858 160 7481
799,Kieran Waters,1980/02/26,7191 79th,Providence,02809,Rhode Island,850 913 1858
382,Hezekiah Finley,1911/03/21,2935 Oswego,Hialeah,33089,Florida,916 997 5604
276,James Morales,1992/09/17,993 Jarvis,Cedar Rapids,52227,Iowa,360 723 1730
488,Peyton Craft,1965/03/06,7732 Carroll,Des Moines,50331,Iowa,954 722 0897
428,Ean Padilla,1910/12/22,6322 Cyril,Laredo,78077,Texas,603 169 5224
496,Madden Frye,1996/10/07,5213 South Shore,San Bernardino,92325,California,440 859 9599
440,Jaydon Gallagher,1953/09/25,4272 Birkhoff,Hartford,06164,Connecticut,412 200 4699
225,Selena Mccarthy,1979/01/27,1123 College,Denver,80134,Colorado,423 828 1861
977,Brody Schwartz,1975/06/26,1926 68th,Fayetteville,72771,North Carolina,713 830 9094
524,Esteban Blanchard,1902/01/26,4419 Eisenhower Ib Dan Ryan Ob,Tampa,33006,Florida,206 467 7184
420,Braylen Miles,1989/01/13,9511 Garvey,Peoria,61510,Illinois,417 682 7878
400,Kaeden Humphrey,1911/09/14,2432 Irving,Joliet,60418,Illinois,360 149 8260
800,Leah Cardenas,1940/04/28,7473 Rosemont,Joliet,60407,Illinois,551 916 7819
952,River Hamilton,1959/09/03,7651 Kenneth,Providence,02818,Rhode Island,903 480 5006
127,Izayah Slater,1927/04/19,986 Midway Airport,Boston,02051,Massachusetts,209 812 1198
568,Veronica Townsend,1947/01/24,4161 Stetson Lower,Fargo,58012,North Dakota,818 213 6490
79,Nash Howe,1969/09/23,6489 Bernard,Bellevue,98011,Washington,512 713 5552
556,Krystal Wooten,1937/08/12,455 Elmdale,Chesapeake,23353,Virginia,601 221 4190
346,Rylie Hardin,1928/06/26,6504 127th,Minneapolis,55011,Minnesota,762 454 4946
573,Francesca Marsh,2000/11/06,7362 Corcoran,Washington,20448,District Of Columbia,847 960 8864
300,Bodhi Hutchinson,1974/04/21,637 Talman,Spokane,99212,Washington,717 224 9890
827,Maxwell Bailey,1930/04/01,1455 Touhy,Lansing,48804,Michigan,928 251 1688
374,Arlo Justice,1910/08/27,8801 Lake Shore Lower,Philadelphia,19615,Pennsylvania,234 325 3816
661,Adalynn Horn,1928/01/31,1032 Calhoun,St. Louis,63451,Missouri,530 779 3202
629,Willa Rivera,1970/09/08,3058 Lynn White,Little Rock,72113 ,Arkansas,419 240 2595
152,Reed Reid,1913/12/27,8562 Randolph Lower,San Diego,92037,California,985 224 1991
610,Chloe Weiss,1983/05/14,901 Rutherford,San Antonio,78749 ,Texas,559 536 3807
318,Louis Brock,2002/03/23,8812 Nixon,Fresno,93318,California,708 448 4574
13,Bruce Weaver,1939/10/11,8115 Eisenhower Ib Dan Ryan Ob,Detroit,48689,Michigan,862 361 8657
340,Jayce Ball,1952/02/23,8209 Baggot,New York,10989,New York,251 125 0233
638,Emersyn Greer,1913/07/30,628 Stephen A Douglas,Mobile,36644,Alabama,901 586 0981
326,Leonidas Mcfarland,1981/04/04,5094 Canalport,San Jose,95577,California,351 577 9387
219,Rebecca Spears,1909/12/11,9218 Lsd Nb Stevenson Ob,Henderson,89002,Nevada,762 284 1114
929,Alexis Lee,1943/06/23,5249 Bennett,San Jose,95942,California,956 990 9619
381,Madeleine Santana,1940/06/11,3676 Hoxie,Winston-salem,27130,North Carolina,973 872 1094
120,Eliseo Wolfe,1916/08/24,6851 72nd,Norfolk,23597,Virginia,240 827 2977
14,Jadiel Duran,2000/09/29,9662 Armour,Sterling Heights,48318,Michigan,507 891 9432
301,Cory Ball,1989/04/17,38 Wentworth,San Bernardino,92383,California,785 892 2006
959,Tony Barr,1938/12/25,766 Haft,Boise City,83100,Idaho,251 451 8557
311,Nancy King,1969/03/14,9421 Glenwood,Louisville,40570,Kentucky,585 429 4084
13,Joe Schwartz,2015/04/27,2273 Evelyn,Cedar Rapids,52221,Iowa,814 575 1520
886,Arya Travis,1907/10/13,6131 Steuben,Chandler,85273,Arizona,864 250 9413
839,Brielle Stone,1916/02/21,1723 Henke,Olathe,66081,Kansas,979 358 1421
280,Nicole Edwards,1986/10/13,2974 Claremont,Fort Worth,76682,Texas,660 979 5676
629,Kinsey Tucker,1941/11/06,8076 Flournoy,Chattanooga,37241,Tennessee,419 650 8078
767,Zaniyah Savage,2013/02/25,3675 Corbett,Oxnard,93072,California,270 375 8854
875,Cannon Mcbride,1919/05/04,6904 91st,Montpelier,05655,Vermont,847 370 2686
971,Trenton Winters,1953/03/26,9033 Lithuanian Plaza,Austin,78238,Texas,915 924 0322
852,Payten Nguyen,1964/05/22,3049 132nd,Alexandria,22268,Virginia,434 783 7303
701,Rory Fry,1922/08/23,4833 Eisenhower Central Av,Mesa,85010,Arizona,309 572 3196
750,Houston Reyes,1939/07/30,4853 Melvina,Des Moines,50396,Iowa,972 919 6475
483,Esme Harris,1981/01/21,7220 I55 Pulaski Rd,Kansas City,66083,Kansas,980 449 4507
383,Dante Guzman,1993/11/24,7309 Chicago Beach,Indianapolis,46314,Indiana,978 373 4279
31,Lukas Morin,1980/03/27,530 Miami,Anaheim,92844,California,808 486 9854
224,Kallie Key,1920/04/11,2266 Senour,Cedar Rapids,52227,Iowa,484 929 1064
733,Shaun Dudley,1959/10/05,2210 Lorel,Atlanta,30531,Georgia,303 978 2264
939,Pierre Sheppard,1913/07/05,9884 Kennedy Racine Av,St. Paul,55048,Minnesota,503 264 8370
118,Moises Mueller,1926/09/13,8782 Scottsdale,Mesa,85000,Arizona,213 373 9009
491,Benton Myers,1968/10/17,4552 Ludlam,Denver,80071,Colorado,614 622 2665
343,Arlo Villarreal,1995/03/22,1987 Stevenson 25th St,Tempe,85096,Arizona,810 963 0793
223,Mckenna Richards,1958/05/03,7743 Warner,Aurora,80049,Colorado,340 373 8528
791,Nolan Langley,1903/01/16,6852 Railroad,Columbia,29055,South Carolina,760 751 1084
767,Romeo Stewart,1909/10/04,4915 105th,Chesapeake,23399,Virginia,779 366 5739
48,Russell Holt,1909/07/21,8388 Picardy,Pittsburgh,15564,Pennsylvania,847 515 1950
315,Deandre Bonner,2005/11/07,7987 Rogers,Irvine,92637,California,206 741 9563
935,Hezekiah Frazier,2002/07/02,4654 Janssen,Washington,20321,District Of Columbia,701 922 9254
50,Emilee Robertson,1966/11/02,3003 Haddon,Eugene,97478,Oregon,908 535 7772
231,Chloe Bryant,2005/05/25,6769 Grady,Rochester,14614,New York,215 105 1138
859,Raiden Whitney,1960/03/18,9649 Fremont,Glendale,85056,Arizona,812 555 4748
633,Katelynn Walsh,1964/04/03,8674 Dan Ryan La Salle St,Tempe,85062,Arizona,786 463 2231
766,Mollie Nash,1904/06/20,6481 Bessie Coleman,Buffalo,14214,New York,973 220 5508
744,Nolan Mcmahon,1963/09/30,3031 Landers,Lansing,48880,Michigan,917 395 0844
586,Andre Medina,1904/01/22,9550 Baltimore,Orlando,32842,Florida,503 430 7110
322,Charleigh Benson,1928/08/29,6226 Hinsdale,Moreno Valley,92583,California,938 793 9712
778,Micah Valencia,1928/06/10,8140 Holden,Shreveport,71124,Louisiana,325 545 5975
959,Giovanni Jordan,1997/12/26,9619 Dan Ryan 83rd St,Oxnard,93071,California,262 929 1792
311,Courtney Griffin,1916/08/04,1369 Monon,Sterling Heights,48319,Michigan,832 230 1514
189,Reuben Bishop,1950/08/26,2520 Stevenson Dan Ryan Ib,Allentown,18153,Pennsylvania,806 603 9237
919,Blaine Howell,1994/12/13,3012 Drew,Cary,27514,North Carolina,316 735 8807
976,Reese Perry,1972/04/19,6319 West Drive Of Oakley,Fontana,92344,California,925 923 5082
622,Bryn Rogers,1991/08/21,3064 Meredith,Aurora,60503,Illinois,909 297 9761
478,Skyler Fry,1998/04/27,486 Rosemont,Hollywood,33010,Florida,561 830 4020
929,Dillon Pruitt,1950/07/28,7991 92nd,Bellevue,98069,Washington,989 767 3601
106,Nikolas Atkinson,1987/12/02,8491 Mohawk,Oklahoma City,73809,Oklahoma,407 837 3042
5,Aniyah Huff,2015/05/03,1579 Wall,New Haven,06575,Connecticut,312 485 0590
605,Johnathon Mann,1940/03/29,7229 Desplaines,Providence,02818,Rhode Island,410 201 1664
314,Marshall Osborne,1923/09/28,180 Dan Ryan 79th St,Nashville,37634 ,Tennessee,971 751 8751
207,Noelle Woodard,2007/03/08,8679 Mac Chesney,Nashville,37015 ,Tennessee,912 831 8198
196,Ayden Hatfield,1994/09/22,9698 Arcade,Santa Ana,92674,California,539 687 8955
867,Kylan Walters,1984/01/21,203 Rhodes,Irving,75018,Texas,662 282 2344
253,Yadiel Rutledge,1921/01/08,4931 Anson,Buffalo,14225,New York,256 270 1761
63,Rayna Guzman,1914/01/24,5755 Kemper,Honolulu,96477,Hawaii,561 450 3928
997,Carlee Johnston,1985/06/24,7932 Lenox,Charleston,29407 ,South Carolina,551 409 1352
169,Aleah Hoffman,1909/06/10,8322 Estes,Chula Vista,91944,California,401 976 8537
302,Jaydon Mccray,1999/10/10,3153 Garfield Square,Tulsa,74989,Oklahoma,979 830 0663
889,Amiya Johnston,1992/07/31,1856 Ritchie,Corpus Christi,78340,Texas,229 834 2475
762,Jasmine Mcmillan,1977/11/22,9686 Maypole,Dayton,45386,Ohio,860 365 5493
536,Landyn Woodard,2010/10/24,6270 40th,Grand Rapids,49531,Michigan,253 106 0858
175,Misael Hopper,1913/08/30,9445 Eisenhower Canal St,Greensboro,27479,North Carolina,469 206 2156
98,Brent Guthrie,1960/08/08,4983 Haskins,Atlanta,30713,Georgia,779 199 3968
181,Demi Walls,1940/11/18,3049 Lyon,Madison,53548,Wisconsin,435 242 5134
251,Kaitlynn Armstrong,1937/11/09,8306 I190,Santa Ana,92676,California,704 583 0681
427,Jaqueline Cooley,1991/01/01,8207 96th,Oklahoma City,73431,Oklahoma,636 107 4961
802,Roland Mcgee,1960/08/08,2189 Lyndale,St. Louis,63071,Missouri,929 695 5724
858,Crystal Gilliam,1947/06/21,6751 Sheffield,Moreno Valley,92580,California,858 268 1010
248,Kailynn Blankenship,1940/09/15,9986 Le Moyne,Kent,98091,Washington,351 476 6874
345,Charlee Mendoza,1916/11/10,5462 Thorndale,Scottsdale,85038,Arizona,340 929 4587
4,Sawyer Malone,1991/01/28,8663 Stevenson Dan Ryan Ib,Lansing,48882,Michigan,520 575 2443
561,Denise Palmer,1931/04/06,7941 71st,Olathe,66048,Kansas,858 227 8652
885,Hailee Bray,1965/04/25,1408 100th,Fremont,94572,California,609 645 4972
844,Lana Stevens,1908/10/17,8616 Leland,Orlando,32826,Florida,906 147 6052
212,Mariam Sims,1903/02/15,645 Cumberland,Baton Rouge,70893,Louisiana,818 643 7381
830,Estrella Foreman,2006/06/25,5364 Carroll,Richmond,23274,Virginia,917 570 1232
442,Eve Underwood,1920/07/05,9165 Kiona,Raleigh,27063 ,North Carolina,618 385 7854
569,Myles Ramsey,1928/08/02,6052 Clifford,Hampton,23604,Virginia,785 985 7066
129,Deborah Joyce,1916/09/16,4981 Perry,San Antonio,78685 ,Texas,515 568 7520
925,Celeste Mcpherson,1950/06/27,7449 Cottage,Corpus Christi,78803,Texas,770 617 9273
660,Yaritza Dillard,1924/01/27,7601 I57,Sacramento,95791,California,435 366 9412
842,Iliana Lee,2001/06/04,1704 Hanson,Des Moines,50321,Iowa,831 815 5905
290,Nevaeh Hendrix,1962/05/07,1914 Chicago,Montgomery,36141 ,Alabama,704 101 9110
860,Ali Solomon,1939/11/30,2102 Lithuanian Plaza,Las Vegas,89995,Nevada,351 545 6426
252,Barbara Bowman,1930/06/14,7241 Balmoral,Glendale,85073,Arizona,920 321 2955
416,Perla Sexton,1965/12/25,3904 Melvina,Plano,75354,Texas,440 539 9938
859,Knox Lamb,1966/03/21,1959 Myrtle,Montgomery,36168 ,Alabama,402 683 5570
518,Dante Fuentes,1990/04/04,8671 Balmoral,Joliet,60405,Illinois,832 805 2748
750,Aubri Clark,1992/02/13,1509 York,Kansas City,66243,Missouri,320 287 4003
408,Cohen Bruce,1998/09/10,9591 Roscoe,New Orleans,70404,Louisiana,684 232 4977
482,Ally Mills,1959/01/20,7072 Keystone,Ann Arbor,48199,Michigan,757 326 5492
493,Natalya Barron,1929/08/02,6499 Ellen,Arlington,76071,Texas,480 467 1181
92,Claire Johns,1984/09/15,8555 Dan Ryan Ib Eisenhower,Fort Worth,76714,Texas,585 336 4198
15,Cristopher Leon,1958/08/21,4943 Palatine,Boise City,83048,Idaho,458 413 9837
853,Campbell Lloyd,1988/01/29,1714 66th,Moreno Valley,92573,California,401 888 7899
549,Blake Hobbs,1930/07/14,2643 Lincoln,Toledo,43613,Ohio,516 401 7988
234,Maddox Wilder,1942/03/25,4402 Campbell,Fort Worth,76986,Texas,308 115 6406
961,Rosa Erickson,2004/08/21,8684 Norman R Bobins,Nashville,37390 ,Tennessee,310 687 1779
756,Aaden Gould,2014/08/14,807 Chicago Skyway 73rd St,Phoenix,85572,Arizona,571 989 9978
142,Marissa Bolton,1995/04/15,1166 Oswego,Louisville,40179,Kentucky,605 127 6942
545,Brayan Gray,2011/07/21,1985 Tahoma,Independence,64096,Missouri,816 496 6794
831,Saul Bender,1986/08/12,4629 Stave,Miami,33898,Florida,385 687 4559
595,Giselle Britt,1980/06/09,8090 Dominick,Yonkers,10795,New York,870 148 7664
624,Kaeden Guy,1958/11/29,9914 Juneway,Jacksonville,32435,Florida,410 873 9439
56,Matteo Munoz,1979/04/06,3578 Chicago Skyway Stony Island Av,Raleigh,27693 ,North Carolina,339 372 0687
670,Jeffrey Collier,1971/01/11,2690 Roslyn,Raleigh,27812 ,North Carolina,901 622 6856
904,Tyrell Beck,1964/07/02,5406 17th,Stamford,06962,Connecticut,563 917 0347
285,Landon Mcdowell,1949/09/29,1646 Ridge,Baton Rouge,70366,Louisiana,419 274 3210
557,Celia Matthews,1952/07/04,1121 St Paul,Worcester,01668,Massachusetts,641 997 0716
434,Mohammad Mueller,1931/01/14,4237 Orchard,Scottsdale,85013,Arizona,407 244 9921
66,Giovanni Cannon,1985/11/09,7947 52nd,Thornton,80225,Colorado,848 564 8907
443,Isis Lancaster,1913/01/25,4415 Milwaukee,Lansing,48842,Michigan,939 354 7458
265,Yasmin Blevins,1994/04/22,6402 Kennedy Ob Eisenhower Ob,Fremont,94540,California,479 660 4036
996,Sandra Paul,2010/08/03,2909 Campus,Baton Rouge,70354,Louisiana,920 290 3133
353,Jeremy Kennedy,1953/05/14,3302 Kreiter,Alexandria,22275,Virginia,234 811 3326
312,Kailyn Cotton,1925/01/13,2350 Tankfarm,Fremont,94585,California,402 606 3076
182,Luz Donaldson,1968/11/10,883 Mannheim,Boise City,83246,Idaho,708 731 5429
555,Lilian Chapman,1980/12/07,5395 Cullerton,Virginia Beach,23542,Virginia,504 960 0863
602,Colton Nicholson,2003/03/19,1357 Southspine,Augusta,30923,Georgia,502 423 5131
349,Omari Skinner,1976/01/19,3301 111th,Garland,75317,Texas,435 596 0998
388,Marlee Mccray,2010/01/16,5554 Bishop Ford I57,Anaheim,92867,California,785 584 9462
387,Julianna Ortega,1934/04/13,7374 Lacey,Fort Worth,76547,Texas,432 232 7087
143,Judah Tyson,2001/09/06,4684 Perry,Coral Springs,33058,Florida,939 540 8276
238,Beau Morin,1933/10/18,6767 49th,Wichita,67094,Kansas,847 446 2280
372,Karsyn Wood,1943/07/31,4562 Anson,Montpelier,05635,Vermont,201 486 3831
934,David Peck,1957/10/16,1534 St Johns,Raleigh,27846 ,North Carolina,817 200 4489
235,Alexandra Mcknight,1942/04/20,2682 Irene,Jacksonville,32615,Florida,260 882 7922
580,Dennis Sellers,1952/10/28,8230 Banks,Manchester,03100,New Hampshire,315 908 8025
68,Jabari Nieves,1949/03/10,5709 Shakespeare,Kent,98002,Washington,334 549 4873
240,Jordyn Benson,1985/06/30,1077 Cambridge,Columbus,43699,Ohio,502 589 5260
26,Camilla Fox,2014/11/10,7592 Leona,Garland,75959,Texas,504 471 0932
758,Elsa Duffy,1924/12/23,3091 Loyola,Independence,64081,Missouri,607 857 7881
552,Cristopher Brooks,1964/05/18,7101 115th,Tacoma,98065,Washington,681 542 4472
766,Kylie Lindsey,1941/09/12,7634 Giles,Virginia Beach,23745,Virginia,424 306 6116
91,Abel Hopkins,1936/10/13,4623 Dan Ryan 35th St,Syracuse,13263,New York,712 556 1079
294,Alaina Snider,1930/08/12,8839 Elk Grove,Rochester,14609,New York,971 129 2392
341,Reece Howell,1937/03/02,992 Parkside,Des Moines,50353,Iowa,678 827 6662
567,Jordan Byers,1981/10/19,3572 Kennedy Ogden Av,Salt Lake City,84035,Utah,202 242 1800
857,Cameron Oneal,1950/06/06,4508 Parker,San Antonio,78995 ,Texas,573 436 1095
339,Camilla Morris,1992/09/11,8957 Monon,Stockton,95228 ,California,434 494 9403
1000,Norah Key,1981/05/23,6262 Stewart,Charleston,29400 ,South Carolina,585 661 0590
742,Lilliana Guerrero,1972/07/15,6905 Pontiac,Peoria,85377,Arizona,801 814 6557
636,Jaime Solis,1959/07/21,9254 Mcfetridge,Topeka,66693,Kansas,929 731 3666
732,Gideon Henson,1992/12/07,1126 Drummond,Gainesville,32679,Florida,585 791 8806
158,Holly Gregory,1945/06/13,8667 Menomonee,Fargo,58034,North Dakota,330 439 4356
996,Jerimiah Short,1945/06/22,3240 West End,Elizabeth,07202,New Jersey,413 608 7854
721,Alisson Craig,1979/07/18,5149 Laporte,Louisville,40048,Kentucky,912 532 8323
336,Makai Olsen,1996/02/19,4019 Mcleod,Birmingham,35078,Alabama,732 479 8345
238,Bowen Wiley,1933/10/19,825 Navarre,Philadelphia,19845,Pennsylvania,484 848 4192
987,Angelique Keller,1922/12/03,540 Dakin,Henderson,89012,Nevada,385 596 8769
848,Brisa Wagner,1998/04/17,8468 Parkside,Lincoln,68088 ,Nebraska,423 746 7433
78,Amos May,1906/06/17,1137 Lawndale,Provo,84055,Utah,308 568 7999
41,Marlon Roman,1921/07/12,9776 Stevenson Ib Dan Ryan,Fargo,58069,North Dakota,585 245 7958
21,Harley Dillon,2001/06/04,2650 Cicero,Orlando,32815,Florida,414 370 7705
468,Ryann Carney,1963/08/03,7084 Lynch,Orlando,32840,Florida,620 568 0767
325,Kaya Sparks,1929/04/29,7844 Eisenhower Ashland Av,San Francisco,94983,California,218 222 8724
974,Tucker Calderon,1941/09/10,7852 Belmont,Baton Rouge,70202,Louisiana,650 186 9484
409,Danielle Fitzgerald,1955/12/07,246 Bonaparte,Minneapolis,55516,Minnesota,269 460 2357
604,Willow Higgins,1950/12/31,6435 Pryor,Lansing,48875,Michigan,832 894 1190
893,Josephine Calderon,1996/03/26,4864 Loop,Long Beach,90789 ,California,731 111 7249
982,Eva Wiley,1996/09/26,7061 Juneway,Oxnard,93019,California,661 451 4708
645,Elle Allison,1946/05/31,5995 Sanford,Fremont,94551,California,308 671 6480
597,Zariah Moss,1994/04/02,5619 115th,Montgomery,36130 ,Alabama,712 578 5776
140,Aubree Gould,1944/07/04,5915 Sayre,Huntsville,35830,Alabama,469 598 7517
308,Destinee Hutchinson,2004/11/21,2975 36th,Evansville,47706,Indiana,361 631 0993
239,Damari Melendez,1940/10/04,6788 Old Higgins,Lincoln,68315 ,Nebraska,501 117 5005
856,Luca Byers,1913/04/13,5259 Lsd Sb Stevenson Ob,Bridgeport,06602,Connecticut,972 929 9022
174,Sofia Smith,1955/09/11,4378 Delaware,Seattle,98572,Washington,385 321 5821
960,Mark Moran,2015/06/30,5992 Wacker Dr Lower,Independence,64082,Missouri,303 554 4979
824,Marcel Harris,1947/12/06,4831 Kenmore,Augusta,30981,Georgia,903 883 6184
673,Jovanni Stewart,1921/11/09,27 Melvina,Greensboro,27479,North Carolina,479 122 2624
307,Yamilet Foreman,1938/01/17,4832 Tooker,West Valley City,84097,Utah,814 298 5412
213,Nia Lang,1952/10/28,3735 Stone,St. Louis,63193,Missouri,865 214 1180
788,Kamron Perez,1935/02/03,7921 Dan Ryan Roosevelt Rd,Knoxville,37403,Tennessee,985 729 2219
399,Olive Conley,1901/11/06,4168 Corcoran,Irving,75061,Texas,229 939 3793
410,Janiyah Mcbride,1970/04/21,8644 Westgate,Ann Arbor,48162,Michigan,920 504 7506
701,Mae Bush,1983/06/15,6243 Dakin,Hialeah,33002,Florida,631 483 8266
362,Cora Case,1910/09/07,5504 Everett,Fresno,93296,California,539 393 7774
708,Kailynn Paul,2005/08/17,5334 Gratten,New Orleans,70267,Louisiana,681 906 3276
857,Amaya Hebert,1986/09/14,4946 Grace,Alexandria,22294,Virginia,786 876 9342
536,Priscilla Luna,1950/12/27,8280 Greenleaf,Sacramento,95188,California,769 142 2355
710,Kaitlin Vazquez,2005/03/30,6409 Leyden,Indianapolis,46674,Indiana,605 518 2406
283,Violet Mccormick,1945/07/04,3527 Bissell,Salt Lake City,84090,Utah,458 991 6688
204,Caitlin Petersen,1955/03/14,7718 135th,Grand Rapids,49586,Michigan,769 168 0887
540,Annalise Goodman,1948/02/26,7154 Cornell,Topeka,66625,Kansas,212 333 5092
160,Skyla Haley,1976/06/22,2871 Forrestville,Jackson,49203,Mississippi,870 264 1107
187,Lilianna Knox,1962/02/17,905 Dan Ryan 43rd St,Sioux Falls,57072,South Dakota,714 619 1064
724,Karlee Small,1980/02/19,5931 Pippin,Ann Arbor,48164,Michigan,971 180 6754
12,Amber Underwood,1936/12/15,7873 Bishop Ford 111th St,Fort Worth,76066,Texas,612 887 1437
274,Jaydon Alvarez,1968/12/19,2823 Financial,Garland,75933,Texas,503 878 6403
189,Guadalupe Cote,1913/11/07,9032 Henderson,Columbia,29043,South Carolina,863 164 2151
314,Victor Hinton,1950/08/14,5772 Delphia,Memphis,38383,Tennessee,980 606 4568
525,Amelie Reynolds,1930/06/27,9335 Bay,Tacoma,98063,Washington,276 252 3040
972,Calvin Medina,1972/04/01,1469 137th,Providence,02835,Rhode Island,567 952 1332
684,Leo Webster,2003/08/03,4383 116th,Providence,02816,Rhode Island,862 460 0830
198,Cohen Riggs,1926/03/01,7551 Eberhart,Los Angeles,90821,California,830 814 9718
40,Jeremy Baldwin,1990/05/27,9752 North Branch,Fort Lauderdale,33589,Florida,915 435 0909
451,Michelle Crosby,1934/01/11,5432 20th,Hampton,23695,Virginia,865 671 7448
324,Westin Roman,1947/07/23,3962 Spaulding,Montgomery,36115 ,Alabama,551 757 2212
193,Athena Roth,1985/09/23,7322 Walnut,Peoria,85306,Arizona,912 323 6264
113,Memphis Deleon,1998/10/03,7842 86th,Garland,75052,Texas,360 225 1304
67,Jazlyn Powers,2015/07/16,5153 Wicker Park,Independence,64090,Missouri,434 313 7081
233,Lucille Hickman,2009/05/17,6996 Midway Airport Lower,Cleveland,44974,Ohio,469 556 2569
137,Muhammad Andrews,2010/05/13,9734 Dan Ryan 47th St,Fort Lauderdale,33165,Florida,312 756 7945
212,Andy Hammond,1927/01/13,3836 Magnet,Fresno,93640,California,615 938 4466
820,Cain Berry,1957/08/12,8597 Mccook,Manchester,03100,New Hampshire,717 570 8782
636,Deegan Adkins,1904/05/03,1328 Cornell,Shreveport,71125,Louisiana,571 954 7453
371,Madeline Henry,1910/10/24,1007 Commercial,Fargo,58088,North Dakota,386 286 2211
94,Rosemary Pierce,1902/03/14,883 Ozanam,Fargo,58068,North Dakota,224 613 9607
455,Trinity Harrison,1903/03/31,3569 Dan Ryan Ib Stevenson,North Las Vegas,89662 ,Nevada,804 258 4382
904,Fernando Armstrong,1981/05/20,4065 Kennedy Pulaski Rd,Philadelphia,19343,Pennsylvania,540 838 7184
921,Gideon Stephens,1943/07/13,1164 St Georges,Memphis,38541,Tennessee,956 619 2980
851,Carla Hart,1903/07/28,2665 Institute,Las Vegas,89945,Nevada,973 146 7401
585,Samiya Wise,1943/05/15,5500 Noble,Huntsville,35804,Alabama,361 112 6077
418,Evelyn Reyes,1916/02/02,7539 Wilson,Boise City,83106,Idaho,573 179 2866
276,Ali Weeks,1921/06/09,8103 Potomac,Jersey City,07215,New Jersey,631 608 0223
617,Demarcus Marquez,1974/01/25,3210 Balmoral,Olathe,66046,Kansas,938 430 3988
573,Aubrianna Miles,2002/06/23,6857 Schilling,Savannah,31327,Georgia,406 161 7170
263,Kamryn Evans,2010/08/05,1959 109th,Yonkers,10736,New York,302 315 9318
343,Paityn Decker,1930/02/09,1967 Kasson,St. Petersburg,33711,Florida,406 286 2366
41,Ellis Galloway,1915/10/30,2366 132nd,Birmingham,35010,Alabama,304 606 7107
220,Erica Sims,1996/07/11,3575 Lansing,Kansas City,66062,Kansas,507 292 1726
604,Renata Jackson,1997/09/13,9419 Dan Ryan Ib Franklin Ext,Hialeah,33072,Florida,212 628 0780
324,Santino Berry,1995/08/21,7892 Montrose,Aurora,60501,Illinois,442 935 0335
413,Jazlyn Lynch,1929/06/04,9036 Lsd Oakwood Bl,West Valley City,84072,Utah,434 169 8654
589,Keith Stout,1912/12/15,5341 Lytle,San Francisco,94097,California,937 775 1059
643,Kaelynn Jennings,1971/05/04,4900 Eisenhower Kostner Av,Bridgeport,06628,Connecticut,952 936 0369
923,Quintin Curry,2016/09/04,6665 Lynch,Portland,97869,Oregon,901 919 7255
907,Violet Sargent,1988/04/03,4799 Stetson Sub,Jersey City,07321,New Jersey,650 476 8374
534,Aspen Stuart,2011/08/24,8492 Village,Scottsdale,85067,Arizona,681 259 7221
318,Dorian Mcgee,1997/04/25,5503 Nickerson,Colorado Springs,80584,Colorado,530 145 7096
369,Kane Perez,1985/03/15,4597 Carondolet,Elizabeth,07205,New Jersey,810 240 5600
626,Travis Byrd,2004/07/11,7341 Schreiber,Thornton,80276,Colorado,202 685 6946
727,Camryn Wagner,1917/01/26,3039 Campus,Augusta,30956,Georgia,812 502 5644
420,Nylah Bartlett,1910/04/13,3526 Eisenhower Taylor St,Long Beach,90776 ,California,339 942 7058
334,Rowan Barrera,1949/02/26,7284 Chicago Skyway 87th St,Dallas,75860,Texas,947 298 0921
135,Mercedes Burton,1916/12/12,7641 Grace,Jacksonville,32912,Florida,615 633 1909
161,Abraham Goodwin,1963/12/20,2955 Chicago Skyway State St,Las Vegas,89210,Nevada,442 544 8932
479,Mariam Henderson,1934/03/22,7918 Linden,Fort Worth,76993,Texas,763 658 6443
859,Paula Frye,2006/07/02,6643 Elk Grove,Phoenix,85590,Arizona,567 954 0670
836,Abel William,1931/12/15,4963 Dayton,Birmingham,35084,Alabama,812 590 6369
250,Esperanza Combs,1973/05/17,9446 Delphia,St. Petersburg,33735,Florida,316 765 3775
720,Erika Mccarthy,2001/02/22,5388 Mccormick Pl Busway,Hampton,23653,Virginia,406 715 5310
929,Cambria Willis,2013/07/09,1906 Legett,Peoria,61526,Illinois,650 885 0121
974,Abram Christensen,1946/12/27,3980 Wacker Ramp Lower,Topeka,66601,Kansas,417 472 1448
776,Lawson Stanton,1920/11/05,4729 East Drive Of Oakley,Hialeah,33019,Florida,352 509 8587
531,Evie Duffy,1969/10/29,4800 Newberry,Yonkers,10719,New York,407 222 4325
287,Eliseo Reeves,1985/07/02,4893 Eisenhower Homan Av,Worcester,01699,Massachusetts,508 743 8605
169,Royce Clements,1954/04/06,1155 Anchor,Oklahoma City,73093,Oklahoma,512 989 3617
31,Trey Herring,1964/04/01,6613 Bonfield,Phoenix,85310,Arizona,747 998 6106
241,Bridget Petersen,1917/10/03,5220 Kennedy Ontario St,Olathe,66043,Kansas,458 657 6378
574,Ellie Powers,1908/02/22,5553 South Water Ramp Lower,Hartford,06195,Connecticut,216 125 6842
233,Cynthia Howard,1959/07/20,6838 Stevenson Dan Ryan Ib,San Bernardino,92343,California,423 117 9385
546,Niko Carroll,1932/11/16,7484 Elsdon,Tampa,33495,Florida,385 871 2963
598,Brianna Banks,1921/11/19,2055 Pacific,San Diego,92880,California,252 320 0412
764,Greta Trevino,1973/11/28,1698 Fry,Cincinnati,45215,Ohio,908 707 4784
604,Damien Hayden,1958/10/05,4305 Sedgwick,Lakewood,80218,Colorado,216 411 3281
838,Izaiah Collier,1981/09/23,9167 Lsd 53rd St,Baltimore,21066,Maryland,225 126 3898
131,Rivka Underwood,1931/03/09,1718 Augusta,Peoria,85357,Arizona,608 316 4869
248,Aarav Anthony,1999/08/21,9525 Nora,Greensboro,27408,North Carolina,671 103 0207
990,Deon Woodward,1928/05/26,511 Eisenhower Franklin St,New Orleans,70660,Louisiana,386 450 9067
607,Jude Navarro,2002/04/13,8014 Portland,Chandler,85223,Arizona,938 843 3599
620,Nylah Sawyer,2009/02/17,9152 Maud,Lakewood,80242,Colorado,724 597 0961
827,Nelson Massey,1935/01/20,2191 Museum,Kansas City,66257,Missouri,956 528 1740
852,Luca Rasmussen,1924/10/24,5231 64th,Cincinnati,45204,Ohio,432 734 5595
755,Cannon Dalton,1906/02/19,3050 Evans,Topeka,66630,Kansas,657 371 7114
94,Johnny Cunningham,1906/06/22,9538 Edens Cicero Av,Clarksville,37061,Tennessee,806 192 4926
126,Weston Suarez,2010/09/28,2315 Erie,Moreno Valley,92568,California,678 966 4722
47,Miles Molina,1915/05/19,5224 125th,Phoenix,85300,Arizona,915 837 3580
584,Addyson Pierce,1969/06/23,9021 Touhy,Norman,73082,Oklahoma,228 825 4878
295,Mckenzie Baird,2015/06/08,2288 Arch,Seattle,98932,Washington,920 601 4738
799,Claire Lynn,1970/07/21,1530 Bryn Mawr Av,St. Louis,63840,Missouri,248 545 4041
429,Ashlynn Rose,1970/06/07,8148 Julia,Joliet,60444,Illinois,938 163 7364
369,Izaiah Browning,1975/02/25,1943 Lyndale,Aurora,80025,Colorado,938 870 0775
168,Alessandra Richards,1913/04/09,4964 Postoffice,Cincinnati,45255,Ohio,435 347 6726
122,Carter Gill,1965/09/07,5613 Western,Elizabeth,07288,New Jersey,229 233 9131
337,Karson Mcdowell,1903/03/18,9158 Humboldt,Seattle,98644,Washington,931 360 3076
436,Justice Jennings,2001/02/05,4940 Wells,Elizabeth,07279,New Jersey,917 428 1874
864,Sergio Farley,1918/06/27,5757 Potawatomie,Irvine,92613,California,414 990 3676
307,Ayleen Henson,1966/03/10,8404 Homer,Fort Lauderdale,33217,Florida,978 829 4412
788,Savanna Vincent,1950/03/23,1115 Armour,Syracuse,13260,New York,360 704 6659
658,Tucker Tyson,1984/02/25,9490 Wieland,Springfield,65751,Missouri,605 601 0125
854,Karen Patton,2015/08/21,9735 Columbus,Hartford,06197,Connecticut,516 422 6953
89,Kiersten Melton,1982/09/09,5935 Forestview,Stamford,06927,Connecticut,303 348 1599
811,Gavyn Albert,1957/10/27,7493 Oleander,Little Rock,72160 ,Arkansas,432 593 3361
154,Lexie Webster,1903/07/11,8484 New,El Paso,79839,Texas,786 960 3149
63,Camden Weiss,1955/12/16,823 Benson,Montgomery,36153 ,Alabama,916 784 6102
783,Eugene Bush,1905/04/10,1616 Jarlath,Birmingham,35082,Alabama,508 978 3281
636,Valeria Kent,1932/09/19,8072 Robinson,Eugene,97413,Oregon,832 508 5848
693,Mia Williams,2006/01/02,6600 Lessing,Scottsdale,85049,Arizona,231 952 2932
527,Geraldine Mcdowell,1917/01/20,7232 Magnet,Boston,02878,Massachusetts,267 905 0297
153,Janelle Summers,1958/07/21,3296 Campbell,Mobile,36621,Alabama,878 255 9126
535,Laurel Alston,2007/03/01,7662 Wong,Phoenix,85673,Arizona,814 272 0295
89,Ruth Browning,1984/03/26,8643 Stevenson State St,Baltimore,21783,Maryland,425 368 5896
792,Diego Nicholson,2015/04/25,3633 La Salle,Cary,27514,North Carolina,731 634 3511
59,Rory Hewitt,2002/09/13,644 Eastwood,Fayetteville,72721,North Carolina,973 854 3954
815,Yazmin Sears,2003/06/29,5862 Lambert,Atlanta,30593,Georgia,442 522 8836
594,Dustin Johns,1959/08/29,3869 Fort Dearborn,Columbus,43037,Ohio,660 606 9884
319,Louis Garrett,1969/08/14,9455 South Shore,Madison,53424,Wisconsin,458 753 1591
889,Zaniyah Cross,1964/11/22,2840 Avenue C,Aurora,60573,Illinois,636 842 5508
998,Hayley Moreno,1957/05/03,2573 Schraeder,Columbus,31945,Georgia,520 366 4946
935,Kaylynn Anthony,1923/11/13,5212 I55 Pulaski Rd,Oakland,94330,California,707 809 4409
319,Jordyn Mullen,1953/08/04,6781 Lawler,Gainesville,32679,Florida,661 375 3419
370,Hugo Giles,2007/09/24,6194 Oconto,Pittsburgh,15595,Pennsylvania,352 325 1622
346,Kole Pate,1975/07/17,3617 Dickens,Durham,27382 ,North Carolina,707 507 4597
364,Ellie Gentry,1906/05/23,212 Crilly,Charlotte,28238,North Carolina,323 481 1740
904,Gregory Crane,1964/01/18,8832 Windsor,Alexandria,22291,Virginia,337 276 9071
312,Marquis Green,1950/07/04,3351 Shakespeare,Richmond,23235,Virginia,878 334 8247
871,Kymani Crane,1924/07/22,1639 Lawrence Wilson,Greensboro,27491,North Carolina,219 197 0220
643,Imani Cooper,1921/06/20,2226 Norman R Bobins,Boston,02006,Massachusetts,507 298 1633
66,Carmen Brewer,1967/01/06,2872 Northwest,Amarillo,79133,Texas,402 624 6465
380,Bentlee French,1916/09/14,5897 Lsd Wacker Dr Nb,Topeka,66608,Kansas,330 568 8735
530,Elliott Parker,1917/12/28,4876 78th,Oklahoma City,73351,Oklahoma,845 891 1290
520,Masen Williamson,1997/12/08,1640 Bosak,Salem,97343,Oregon,340 990 3718
866,Turner Santos,1982/07/05,4250 Dan Ryan 83rd St,Cleveland,44111,Ohio,414 839 0827
886,Madyson Long,1945/02/25,5403 134th,Nashville,37435 ,Tennessee,320 705 2117
724,Emilie Cardenas,1921/11/29,7180 121st,Denver,80790,Colorado,620 509 8231
804,Jonah Deleon,1937/03/04,538 13th,Honolulu,96374,Hawaii,516 323 3150
295,Kamden Miles,1977/06/26,3707 Bishop Ford 130th St,Madison,53590,Wisconsin,601 409 8272
47,Tommy Lester,1996/09/29,2453 138th,Bakersfield,93003,California,509 238 6022
217,Isaac Watts,1987/07/23,3227 Norwood,Tacoma,98083,Washington,425 519 3198
661,Marisol Hudson,1902/08/17,7882 Olmsted,Fort Wayne,46526 ,Indiana,609 856 1470
586,Urijah Conley,1947/09/15,8174 97th,Garland,75901,Texas,910 569 3255
28,Wayne Hess,2001/03/13,3732 Southspine,Cedar Rapids,52229,Iowa,760 867 2317
440,Christian Gilliam,1966/04/08,4284 Markham,Fontana,92363,California,708 266 3831
264,Pierre Oneil,1968/10/25,4016 39th,Corpus Christi,78054,Texas,562 106 7887
243,Orion Obrien,1981/10/15,7184 Picardy,San Antonio,78041 ,Texas,678 503 2627
442,Zaiden Barr,1976/12/08,1310 Neola,Plano,75244,Texas,915 359 5024
609,Nataly Gaines,1985/10/21,2085 Somerset,Hampton,23657,Virginia,763 432 1023
393,Sonia Hart,1915/07/29,7669 Huntington,Houston,70910,Texas,404 982 3186
838,Jaiden Ruiz,1937/08/21,7360 Armitage,Seattle,98672,Washington,517 845 1835
818,Catherine Wallace,1953/05/05,1317 Elliott,Salem,97321,Oregon,386 206 8100
320,Yuliana Rivera,2011/01/03,9915 Anchor,Huntsville,35881,Alabama,406 795 5402
9,Felicity Rutledge,2007/05/26,1671 Whipple,Honolulu,96649,Hawaii,972 984 6317
532,Kimora Hunter,1973/06/01,3409 Kennedy Pulaski Rd,Modesto,95383,California,863 682 2895
834,Ryland Adams,1996/01/26,6798 Lunt,Fontana,92375,California,714 259 7423
234,Miriam Brewer,1912/05/22,6604 Kennedy Ohio Feeder,Birmingham,35028,Alabama,832 203 1111
241,Kamden Rodriquez,1902/08/27,9787 Lithuanian Plaza,Syracuse,13263,New York,906 674 4992
515,Brody Mcfarland,1992/03/07,7706 Sedgwick,Riverside,92516 ,California,409 488 1314
866,Dimitri Dawson,1962/04/13,2579 Pulaski,Milwaukee,53999,Wisconsin,302 699 6488
128,Nina Tucker,1955/01/22,1687 Winona,Washington,20268,District Of Columbia,717 941 4639
586,Paloma Booker,2001/07/12,485 Hazel,Kent,98006,Washington,409 392 7864
887,Rivka Good,2001/04/07,6924 Russell,San Francisco,94360,California,361 810 0536
658,Adrienne Osborn,1983/01/26,1796 Kennedy North Av,Manchester,03107,New Hampshire,704 649 9685
939,Derek Mack,1967/01/12,4000 89th,Kansas City,66037,Kansas,414 197 2894
467,Maliyah Velasquez,1967/09/21,2772 Midway Airport Cicero Ave,Oklahoma City,73523,Oklahoma,339 819 6053
178,Jaime Talley,1946/04/27,2932 Wacker Ramp,St. Louis,63427,Missouri,636 944 8044
583,Dimitri Mathews,1931/10/16,3357 Vernon Park,Jacksonville,32821,Florida,646 351 8748
579,Channing Sweeney,1996/02/03,2565 Davlin,Chattanooga,37701,Tennessee,239 993 9651
606,Dayton Brady,1963/12/07,2491 72nd,Olathe,66005,Kansas,862 979 1363
495,Serena Love,1978/08/12,3324 St Johns,Reno,89516,Nevada,802 850 7578
186,Tianna Manning,1983/11/10,742 96th,Riverside,92511 ,California,443 861 4632
50,Angela Mooney,1971/06/14,215 Stevenson Ib Dan Ryan Ib,Bakersfield,93392,California,862 232 8706
944,Kamryn Carrillo,1909/03/01,2739 Merchandise Mart,Lubbock,79525,Texas,614 592 2371
359,Mayson Simpson,1966/09/01,4236 Bingham,Tulsa,74323,Oklahoma,612 571 5037
278,Paul Jimenez,1986/11/18,975 Virginia,Fayetteville,72725,North Carolina,585 531 9660
2,Shaun Harrington,1968/09/02,1784 Hoyt,Gilbert,85200,Arizona,703 527 4556
87,Deven Parker,1905/03/09,8683 Luella,Jersey City,07969,New Jersey,863 685 0005
551,Aviana Lambert,1958/09/03,3175 Benson,Denver,80644,Colorado,414 697 2042
2,Kayson Wells,1938/12/25,7185 Woodward,Hartford,06175,Connecticut,973 459 5592
45,Lizbeth Duffy,1961/07/01,6330 Nettleton,Irving,75087,Texas,219 792 0175
478,Taryn Molina,1907/08/22,3391 Best,Bakersfield,93521,California,682 781 0469
797,Lesly Dotson,1938/08/21,9951 Southport,Scottsdale,85003,Arizona,610 799 7218
843,Eliana Terry,1932/12/27,8825 Sheridan,Salt Lake City,84014,Utah,601 758 8085
185,Dexter Boyle,1986/07/13,6706 Delano,Charlotte,28351,North Carolina,262 526 0207
672,Amirah Estes,1931/11/29,5726 90th,Columbus,43998,Ohio,478 839 5335
796,Madalyn York,1935/08/02,8429 Haddock,Milwaukee,53600,Wisconsin,804 347 0969
613,Hank Melton,1990/07/31,8196 Spaulding,Kansas City,66658,Missouri,740 359 3732
378,Gilbert Conrad,2009/01/06,931 Parkside,Detroit,48859,Michigan,303 516 1893
245,Brendon Dudley,1919/09/28,7109 Bell,Syracuse,13290,New York,320 568 9654
55,Rosalie Foster,1916/07/10,7686 Front,Louisville,40871,Kentucky,425 203 6103
943,Jesus Hensley,1948/02/27,9600 Sawyer,Ann Arbor,48123,Michigan,769 700 4695
645,Amira Collins,2003/09/08,4996 134th,Dallas,75247,Texas,409 631 0643
3,River Hester,1918/12/20,1957 Monsignor Mcelligott,Fresno,93706,California,207 293 4444
122,Alfonso Tyler,1969/12/03,4169 Marion,San Francisco,94173,California,760 702 6413
793,Laura Hendrix,1960/08/22,9964 Institute,Laredo,78054,Texas,769 281 3884
318,Arabella Osborne,1983/08/15,9700 Lehigh,Overland Park,66245,Kansas,801 872 2523
230,Will Walls,1914/03/10,6136 Garfield Square,San Bernardino,92360,California,779 373 6153
179,Frederick Lara,1949/05/03,174 Cedar,Garland,75821,Texas,828 256 4039
967,Giovanni Jenkins,1977/08/08,1995 Oakdale,Murfreesboro,37123,Tennessee,478 675 6852
815,Heather Estes,1932/11/07,5730 Malta,Shreveport,71134,Louisiana,979 782 3201
776,Clare Savage,1907/12/31,6843 Churchill Row Access,Henderson,89096,Nevada,562 993 7189
532,Greyson Lewis,1906/10/18,7334 Junior,Atlanta,30173,Georgia,769 825 1272
496,Ayana Hancock,1961/04/11,2454 Stevenson Ib Lsd Nb,St. Petersburg,33787,Florida,330 328 4146
929,Ruth Salazar,1973/08/18,8730 Ogden,Topeka,66663,Kansas,607 630 7040
840,Emilio Dunn,1942/08/23,8215 North Water Lower,Fresno,93407,California,769 765 4020
353,Noemi Lester,2010/11/13,9576 Carondolet,Des Moines,50375,Iowa,508 368 8594
183,Kristina Gallagher,1999/07/20,5987 Eisenhower Ob Kennedy Ob,Scottsdale,85059,Arizona,956 646 5800
902,Arya Burton,1978/05/10,3318 Eisenhower Racine Av,Fresno,93278,California,817 732 6923
249,Willie Ramirez,2016/03/11,5739 Algonquin,Tampa,33162,Florida,859 701 5411
29,Manuel Mathews,1951/10/03,5977 Dan Ryan 51st St,Las Vegas,89152,Nevada,409 575 3733
428,Tony Holcomb,1910/03/09,1568 Stevenson Ob Dan Ryan,Kent,98051,Washington,858 327 0350
548,Owen Ward,2013/12/15,5098 Gettysburg,Baton Rouge,70967,Louisiana,908 567 5080
68,Jazlyn Solis,2006/11/14,4486 Hollywood,Warren,48050,Michigan,651 834 0422
726,Anthony Guerrero,1968/03/11,9772 Richland,Corpus Christi,78092,Texas,479 276 9217
806,Brooklynn Benton,1996/11/24,7696 Sioux,Peoria,85303,Arizona,762 870 9567
410,Kiersten Klein,1951/02/12,3509 Massasoit,Pittsburgh,15180,Pennsylvania,732 700 3257
236,Journee Henderson,1972/04/01,3068 Gordon,Bakersfield,93478,California,415 175 3785
236,Byron Lester,1999/03/24,6932 121st,Shreveport,71191,Louisiana,787 139 7133
618,Kelsie Gentry,1921/01/23,7411 Mozart,Baton Rouge,70575,Louisiana,928 636 4736
409,Riley Oneal,1975/07/21,1930 Kenwood,Spokane,99229,Washington,712 315 5687
889,Angel Rush,2012/12/14,9108 Lake Shore Lower,Arlington,76590,Texas,562 941 5615
838,Teresa Woods,1967/06/07,2548 Mayfield,San Francisco,94196,California,920 183 0087
969,Anthony Carey,1958/11/12,1850 Harlem,Aurora,80059,Colorado,252 236 9028
561,Jillian Craft,1979/05/12,1910 Harding,Memphis,38227,Tennessee,239 944 7245
867,Bailee Bishop,1940/10/26,9497 Kimbark,Pittsburgh,15739,Pennsylvania,754 602 7169
809,Liv Bernard,1911/05/23,6871 Busse,Tempe,85015,Arizona,956 700 3560
578,Adonis Curry,1913/05/14,1219 Ionia,Colorado Springs,80924,Colorado,480 245 2815
252,George Graham,1919/04/18,4483 Eisenhower Damen Av,Evansville,47747,Indiana,760 942 8659
757,Julian Huffman,1912/12/24,8120 Hubbard,Newark,07118,New Jersey,804 173 9185
342,Mariah George,1903/03/03,7266 91st,Mesa,85854,Arizona,762 821 3467
790,Lilly Pratt,1984/02/06,4763 Park Shore East,Providence,02844,Rhode Island,985 663 5160
136,Jonah Gross,1915/06/15,2394 Euclid,Oklahoma City,73290,Oklahoma,520 453 8494
630,Emma Bradford,1969/11/03,7002 76th St Ford City,Thornton,80260,Colorado,609 900 2065
943,Isaac Case,1901/01/22,4031 Kennedy Madison St,Stockton,95969 ,California,862 670 9452
895,Sariyah Mcconnell,1967/09/03,2571 Lake Park,Murfreesboro,37118,Tennessee,970 170 3338
63,Amanda Lancaster,1919/04/18,9312 Swann,Hartford,06143,Connecticut,914 786 9520
396,Sasha Mullins,1947/06/23,5299 Kennedy Ogden Av,Rockford,61119,Illinois,386 991 1854
945,Kensley Meyer,1916/09/04,7407 Kingston,Washington,20382,District Of Columbia,608 641 4120
3,Celeste Barton,1909/11/27,3798 Summit,Chattanooga,37813,Tennessee,913 826 2797
453,Landon Burks,1958/06/29,9102 Baker,Memphis,38893,Tennessee,504 445 9412
488,Emely Juarez,1985/11/11,3739 Cortez,Raleigh,27244 ,North Carolina,617 172 2364
546,Damian Roman,1951/06/19,392 Stevenson Expy,Oxnard,93083,California,706 447 9467
338,Tiffany Guzman,1974/06/27,4246 Browning,Naperville,60418,Illinois,262 629 4024
306,Jessie Mcbride,1930/03/20,9057 Dan Ryan Ib Eisenhower Ob,Gilbert,85277,Arizona,928 215 2525
243,Lawson Clemons,1982/04/12,1827 Linder,Coral Springs,33080,Florida,479 424 3029
756,Marilyn Bryant,1957/11/27,6017 Saginaw,New Haven,06581,Connecticut,316 440 8667
877,Eduardo Mccarty,2000/10/19,7837 Kennedy Milwaukee Av,Garland,75103,Texas,848 353 7932
505,Reece Moore,1937/10/30,9589 Belle Plaine,Wichita,67489,Kansas,720 181 6169
84,Max Romero,1955/02/10,6614 Dan Ryan La Salle St,Lubbock,79003,Texas,763 155 8633
868,Darius Burt,1943/11/25,3109 Dr Martin Luther King Jr,Toledo,43553,Ohio,917 744 6133
823,Jadon Lott,1972/03/14,479 Stevenson Dan Ryan,Oxnard,93038,California,989 831 0017
266,Eleanor Norman,1917/06/06,9782 Kennedy Ib,Tucson,85409,Arizona,415 882 5685
234,Yareli Bond,1995/04/10,8608 Prindiville,Fremont,94584,California,559 680 4301
469,Mohammad Chan,1926/07/04,5996 Swann,Aurora,60522,Illinois,865 524 9505
381,Rey Grant,1942/08/25,9535 Besly,Paterson,07580,New Jersey,331 980 5784
482,Cecelia Harrington,1981/04/23,8362 Arcade,Richmond,23299,Virginia,908 959 3113
320,Bryleigh Spencer,1950/12/15,5424 Kennicott,Gilbert,85250,Arizona,971 445 1762
666,Maximo Allen,2010/01/20,8412 86th,Washington,20042,District Of Columbia,203 291 8305
834,Ana Rhodes,1903/03/14,6244 Carver,Anchorage,99190,Alaska,530 593 2540
379,Jaycee Parks,2001/09/29,8789 Lsd Sb Stevenson Ob,Paterson,07506,New Jersey,585 222 1930
814,Ben Fitzpatrick,2012/11/22,5751 Dan Ryan 39th St,Kansas City,66393,Missouri,815 144 9777
78,Asa Sampson,1952/07/01,3556 Lovejoy,Milwaukee,53891,Wisconsin,458 610 4338
811,Donte Newton,1960/10/03,3327 South Water Sub,Kansas City,66811,Missouri,321 527 6545
187,Claudia Zimmerman,1943/06/05,8727 Laflin,Moreno Valley,92508,California,760 262 3266
832,Alani Johns,1938/07/16,9183 Balmoral,Charlotte,28315,North Carolina,213 662 6042
196,Sophie Duncan,1981/12/31,5708 Larned,Anchorage,99287,Alaska,361 675 9177
121,Zariyah Cameron,1993/07/03,2874 Margate,Fort Lauderdale,33031,Florida,478 875 8311
670,Major Jarvis,1995/01/11,167 79th,Tucson,85231,Arizona,513 583 0521
319,Braylin Goodwin,1920/10/14,8312 Delano,Fort Collins,80578,Colorado,479 696 0035
45,Evelynn Le,1954/09/07,6833 126th,Provo,84041,Utah,931 547 3028
344,Gibson Sharp,1917/11/10,5580 Indian,Oakland,94878,California,682 959 5732
84,Gwyneth Winters,1970/02/10,9950 Irene,St. Paul,55049,Minnesota,480 313 8465
149,Rogelio Landry,1944/05/20,610 Ottawa,San Bernardino,92312,California,470 258 4039
598,Johanna Maldonado,1926/01/05,2939 Van Vlissingen,Ann Arbor,48144,Michigan,781 713 4449
790,Charley Mckay,1978/12/13,7200 Forestview,Spokane,99203,Washington,458 582 8335
665,Jensen Gray,1916/08/09,9860 Stratford,Wichita,67090,Kansas,520 146 7440
159,Darian Dotson,1902/02/24,1983 Vermont,Winston-salem,27183,North Carolina,408 697 0669
102,Mayson Meyers,1997/01/07,8399 Scottsdale,Aurora,60584,Illinois,931 102 2424
230,Freddy Snyder,1958/06/07,365 State,Fontana,92347,California,831 299 4053
983,Gunnar Brock,2008/11/05,2539 24th,Newark,07127,New Jersey,216 589 7038
541,Kiersten Nichols,1936/08/16,5021 Mann,Charlotte,28344,North Carolina,571 121 7212
486,Braylin Alston,1924/05/23,8798 Kennedy Racine Av,Atlanta,30744,Georgia,774 827 8252
94,Arely Blankenship,1995/01/23,8779 Kerbs,Hollywood,33005,Florida,925 486 6353
403,Steven Rodriguez,1994/03/30,7132 Cullerton,Des Moines,50377,Iowa,316 912 8319
421,Camilla Ross,1995/06/07,1340 Ib Northwest,Orlando,32820,Florida,469 949 7836
139,Lee Bowman,1942/11/16,9667 Morse,Fremont,94504,California,218 254 9971
603,Louis Rollins,2010/02/03,3847 Clinton,Providence,02861,Rhode Island,772 780 7284
599,Patrick Compton,1994/08/15,1024 Panama,El Paso,79332,Texas,815 593 7755
864,Skyler Sharpe,1933/11/12,53 Anthon,Knoxville,37150,Tennessee,609 908 1668
794,Marlon Lambert,1902/06/23,1659 Maryland,Mobile,36687,Alabama,224 516 7469
549,Abby Snow,2001/06/14,8374 Avenue H,Denver,80393,Colorado,607 315 3018
417,Kayden Dennis,1922/08/24,2395 Mango,Philadelphia,19259,Pennsylvania,432 556 0799
818,Leo Lindsay,2010/02/15,5574 Wong,Chesapeake,23341,Virginia,850 452 8989
837,Cain Harrison,1925/12/01,1582 Simonds,Bridgeport,06698,Connecticut,309 721 9552
96,Darren Prince,1926/10/04,9399 11th,Washington,20278,District Of Columbia,808 137 7147
485,Dane Wilkinson,1921/08/02,2651 Keating,Kansas City,66021,Kansas,732 581 4282
901,Gunnar Marks,1908/10/19,1744 Dakin,Fargo,58030,North Dakota,406 689 7616
192,Laura Bailey,2000/08/23,4417 Private,Atlanta,30235,Georgia,517 279 7856
187,Finley Hayes,1914/01/17,5118 Hood,Tulsa,74103,Oklahoma,757 551 8134
809,Harlow Mercer,2014/09/08,297 Yates,Albuquerque,87113,New Mexico,773 131 0814
128,Kinsley Serrano,2004/08/22,8297 127th,Charleston,29403 ,South Carolina,512 545 7371
7,Ronin Guerra,1927/02/05,8066 121st,Tulsa,74774,Oklahoma,330 838 2773
757,Callen Donaldson,1927/02/05,2711 Kennedy Milwaukee Av,Paterson,07581,New Jersey,539 542 4584
87,Kairi Beach,2007/06/05,7283 Van Schaik,Wichita,67000,Kansas,717 162 5896
998,Michael Jensen,1906/08/14,8865 103rd,Atlanta,30157,Georgia,386 390 3855
624,Maggie Norman,1967/05/30,2812 Marine,St. Louis,63515,Missouri,510 160 8041
51,Anahi Mathews,1972/08/06,9830 Caton,Charleston,29403 ,South Carolina,915 527 3609
780,Gideon Flores,1901/06/14,1317 Elias,Elizabeth,07284,New Jersey,972 276 6425
524,Declan Johnston,1999/01/12,7079 Southspine,Nashville,37547 ,Tennessee,620 625 0932
786,Nora Ferguson,2016/04/29,2393 79th,Wichita,67174,Kansas,573 197 0834
959,Aditya Le,1926/07/23,3505 Honore,Columbia,29063,South Carolina,973 864 2690
909,Laila Contreras,1967/08/24,3142 63rd,San Antonio,78227 ,Texas,952 528 6415
0,Yadiel Smith,1906/07/01,2366 Prairie Park,Houston,70778,Texas,937 861 6221
790,Rayne Mercer,1999/09/09,2131 Harbor,Lubbock,79569,Texas,801 113 7519
265,Tony Roman,1932/03/16,3762 54th,Montpelier,05653,Vermont,802 954 8956
252,Alexandra Aguilar,2012/08/06,3819 Avondale,Montgomery,36125 ,Alabama,234 896 8680
448,Johanna Aguirre,1936/06/19,97 Dan Ryan 31st St,Albuquerque,87700,New Mexico,939 429 5272
158,Bryson Tran,1919/09/22,2193 Natoma,Oxnard,93064,California,253 453 6392
280,Hugo Clark,1975/06/16,9686 Winnemac,Louisville,40845,Kentucky,781 175 7001
52,Joey Goodwin,1958/02/27,5201 Higgins,Norman,73092,Oklahoma,434 123 4769
794,Bently Farley,1962/11/07,254 River Walk,Naperville,60412,Illinois,856 399 4820
616,Shawn Bowers,2005/12/27,7761 Wolcott,Manchester,03103,New Hampshire,251 270 2795
272,Demarcus Molina,1948/08/02,4096 Jarvis,Santa Ana,92664,California,682 724 3730
431,Kody Rhodes,2003/03/27,7466 Janssen,Chesapeake,23340,Virginia,716 594 7491
941,Daniel Buck,1930/02/08,846 Wells,Cary,27513,North Carolina,865 267 9815
457,Cesar Shaw,1940/08/16,6614 Ellsworth,Hampton,23632,Virginia,765 788 2256
559,Ximena Burt,2005/07/31,3782 Lake Calumet Harbor Ent,Toledo,43222,Ohio,586 323 7859
597,Danna Hyde,1984/11/23,3549 Belle Plaine,Hollywood,33013,Florida,928 426 2889
951,Kane Greer,1916/11/18,2457 Winston,Paterson,07565,New Jersey,231 869 3223
25,Atticus Battle,1950/06/20,6814 Emmett,Henderson,89038,Nevada,858 872 3818
81,Ismael Sykes,1912/08/20,1321 Lsd Montrose Av,Tulsa,74237,Oklahoma,731 706 2513
461,Rebecca Jones,1939/02/28,9154 Beaubien,Fort Collins,80525,Colorado,417 380 4038
560,Nylah Nichols,1983/03/31,2953 Montgomery,San Antonio,78440 ,Texas,843 394 0480
796,Jadiel Solis,2014/07/24,6618 Richmond,Augusta,30948,Georgia,716 604 6212
603,Jax Gentry,1921/04/14,1545 11th,Fort Collins,80551,Colorado,334 329 5077
605,Isabella Howell,1974/09/28,7743 Hale,Norman,73055,Oklahoma,253 824 1308
282,Johnny Rollins,2009/05/08,5096 Seeley,Thornton,80221,Colorado,802 809 1057
578,Eric Holland,1911/06/26,824 Julian,Jackson,49205,Mississippi,671 314 9918
611,Mariam Faulkner,1985/03/04,975 Bosworth,Oklahoma City,73633,Oklahoma,231 769 0467
510,Giselle Lindsey,2016/06/02,9595 Jonquil,Charleston,29400 ,South Carolina,682 351 1546
305,Lorelai Rodriguez,1970/02/11,5485 Keeler,Hampton,23687,Virginia,870 514 6333
612,Toby Long,2016/11/16,3623 Cherry,Raleigh,27802 ,North Carolina,939 867 2557
251,Carley Patel,1913/04/16,7055 Raven,Bellevue,98087,Washington,313 880 6789
706,Abbey Jacobs,2006/08/18,6580 Hobart,New York,10544,New York,202 777 2298
299,Farrah Sosa,1943/01/26,6248 Dan Ryan Marquette Rd,Winston-salem,27132,North Carolina,331 834 9516
770,Legend Moreno,1922/04/24,5369 Kilbourn,Los Angeles,90493,California,252 784 6875
467,Araceli Beasley,1971/04/11,1394 Eisenhower Franklin St,Lakewood,80290,Colorado,260 435 6226
931,Damian Austin,1918/06/25,8840 Liberty,Charleston,29407 ,South Carolina,351 559 9936
203,Freddy Johnston,1999/08/28,5563 Willetts,Gilbert,85292,Arizona,646 884 0841
749,Peter Bell,1910/05/17,2431 Oriole,Atlanta,30478,Georgia,432 787 8247
766,Enrique Mccray,1986/11/26,7233 Congress,Greensboro,27442,North Carolina,479 511 3948
546,Kennedi Monroe,1974/04/19,4127 Kennedy Racine Av,Moreno Valley,92586,California,909 919 0087
886,Briana Hardy,1961/02/20,9428 Lock,St. Petersburg,33762,Florida,571 362 7366
70,Israel Webb,1944/06/20,176 137th,Jersey City,07097,New Jersey,805 546 5431
748,Karlie Ramirez,1980/05/21,721 Larrabee,Richmond,23278,Virginia,212 898 1469
360,Paisley Quinn,1910/08/19,2670 Vine,San Francisco,94306,California,334 849 6182
443,Chase Cummings,1934/08/02,1365 Schilling,Anaheim,92828,California,936 547 5720
763,Caydence Langley,1998/04/21,6672 Spokane,Providence,02844,Rhode Island,505 985 6118
766,Kaya Hahn,1926/03/27,6773 Glenlake,Philadelphia,19656,Pennsylvania,814 818 0367
566,Francis Avila,1925/04/11,1382 Baker,Sterling Heights,48313,Michigan,316 420 8647
694,Scarlett Deleon,1911/12/10,4746 Midway Airport Lower,San Diego,92701,California,228 233 6198
990,Cambria Spears,1904/03/29,9487 Edmunds,Stamford,06966,Connecticut,971 501 4038
720,Yazmin Head,1968/05/08,1250 16th,El Paso,79905,Texas,252 354 9649
871,Dwayne Caldwell,1947/03/24,419 Allport,Augusta,30986,Georgia,423 820 1185
222,Mekhi Travis,1928/10/01,3823 64th,Milwaukee,53791,Wisconsin,432 778 2924
397,Brooklynn Baldwin,1904/06/09,6539 Edens Cicero Av,Columbus,31917,Georgia,415 248 8589
160,Jessie Ray,1943/11/12,6638 Kildare,Birmingham,35076,Alabama,906 969 2713
875,Dane Davenport,1926/03/09,8534 Liano,Miami,33749,Florida,302 140 3413
41,Cassidy Terry,2012/08/27,4693 55th,Philadelphia,19674,Pennsylvania,804 832 3459
747,Anderson Guy,2008/09/17,565 Poe,Cleveland,44219,Ohio,720 493 2883
444,Gunner Sullivan,2016/06/15,843 Monterey,Sioux Falls,57020,South Dakota,678 638 0250
564,Esperanza Mcclure,1938/05/11,6120 Brennan,Jacksonville,32221,Florida,616 704 8602
704,Nicolas Hahn,1921/01/31,4039 Lawndale,Honolulu,96649,Hawaii,502 185 0666
392,Parker Lowery,2011/12/04,2734 Pavilion Plaza,Montpelier,05652,Vermont,805 382 6703
806,Harry Gonzalez,1939/09/24,2420 Agatite,Indianapolis,46875,Indiana,573 998 1102
211,Sloan Hodges,1905/01/24,3382 Castlewood,Cleveland,44905,Ohio,219 681 5227
338,Leanna Miranda,2001/01/03,8845 Keefe,Phoenix,85504,Arizona,470 653 7210
336,Mckayla Vaughan,1956/01/11,4385 Escanaba,Kent,98095,Washington,612 476 0836
704,Damari Bailey,1928/12/05,5930 Hayes,Providence,02808,Rhode Island,458 139 6509
205,Yaritza Goff,1935/10/14,9326 Grady,Kansas City,66019,Kansas,734 715 9877
743,Chanel Patterson,1931/04/18,8434 Kennedy Pulaski Rd,Oakland,94623,California,614 160 8210
77,Kaleb Avila,1999/08/18,2306 Sanitary Ship Canal,Anaheim,92898,California,323 449 4665
851,Eloise Ferrell,1975/12/11,6213 Wolcott,Augusta,30992,Georgia,917 856 1286
223,Brylee Dillard,1925/03/17,5834 Postoffice,Tempe,85007,Arizona,321 502 5429
334,Sylas Griffin,1984/11/22,5183 Navajo,Topeka,66674,Kansas,551 128 6358
59,Wesley Dorsey,1941/10/29,4682 Eisenhower Expy,Sterling Heights,48310,Michigan,351 497 4810
811,George Mcpherson,1904/01/26,827 Kennedy Wilson Av,Peoria,85316,Arizona,913 719 9161
785,Greta Curtis,1997/07/20,3970 118th,Miami,33470,Florida,340 438 6544
270,Jonathon Jensen,1970/10/21,6719 Stewart,Reno,89579,Nevada,402 246 7182
422,Camron Mcgowan,1962/02/27,2994 Shore,Clarksville,37011,Tennessee,906 829 6894
971,Harper Armstrong,1926/05/11,6429 102nd,Austin,78628,Texas,712 812 5334
593,Abigail Mueller,1990/06/14,3383 Vanderpoel,Portland,97458,Oregon,574 919 3926
691,Talon Fowler,1983/12/16,7050 Bellevue,Raleigh,27618 ,North Carolina,539 926 1472
834,Marquis Lawson,1983/08/14,6420 Seeley,St. Petersburg,33738,Florida,713 911 0634
151,Orlando Hood,1929/03/06,4766 Hudson,Modesto,95355,California,636 287 0831
126,Jon Torres,1958/10/04,2592 Forrestville,Hialeah,33098,Florida,904 684 9284
504,Rayan Stephens,1973/01/27,4964 Newport,Bakersfield,93813,California,509 871 8243
482,Alessandro Graves,1908/03/14,1592 Wentworth,Kansas City,66714,Missouri,775 890 1348
980,Rylie Stafford,1953/08/31,6627 St Georges,Elizabeth,07244,New Jersey,417 501 5594
718,Miya Hurst,1924/07/07,5614 Magnolia,Washington,20868,District Of Columbia,305 663 8892
668,Yesenia Justice,1905/01/16,8586 State,Montgomery,36143 ,Alabama,314 339 7578
822,Ayla Farmer,1976/03/23,2783 Lowerlevelt1,Evansville,47724,Indiana,717 259 2025
528,Sabrina Bowman,1971/05/28,9649 Prescott,Topeka,66663,Kansas,458 114 3799
902,Broderick Blackwell,1911/02/06,1357 Shapland,New Orleans,70481,Louisiana,360 212 6294
373,Cash Macdonald,1950/09/12,9606 Thatcher,Washington,20880,District Of Columbia,657 948 6355
421,Annie Mcconnell,1957/04/11,4982 Dean,Wichita,67014,Kansas,430 251 1926
511,Rory Fields,1984/07/11,2714 Ingleside,Evansville,47798,Indiana,830 952 5560
971,Agustin Mcclain,1933/01/26,8630 Kennedy Harlem Av Ob,Grand Rapids,49558,Michigan,914 667 1483
959,Khalil Waters,1957/04/09,6822 Fletcher,San Jose,95569,California,708 304 0841
202,Jocelyn Emerson,1993/10/06,2474 Lowerlevelt1,Chicago,60194,Illinois,574 618 9019
678,Flynn Brennan,1927/03/27,4890 Dan Ryan Taylor St,Chicago,60295,Illinois,718 610 2478
695,Charlie Duffy,1971/08/04,9646 Honore,Olathe,66027,Kansas,458 643 9179
824,Armani Merrill,1910/06/24,4013 Butler,Cedar Rapids,52229,Iowa,339 684 6705
547,Kyra Perkins,2003/10/17,927 Clifford,Richmond,23222,Virginia,480 695 6046
751,Jordyn Joyce,2002/01/14,9203 Loron,Kansas City,66049,Kansas,802 678 6546
770,Korbin Good,1920/12/19,8679 Lsd 47th St,Irving,75008,Texas,904 871 3928
936,Chandler Boyle,1910/04/13,7728 Barry,Wichita,67761,Kansas,339 572 6167
141,Chase Garza,2016/11/04,617 Dickinson,Eugene,97486,Oregon,865 596 5039
522,Kristen Barker,1951/08/27,9399 101st,Reno,89523,Nevada,401 995 4961
955,Bristol Leblanc,1946/10/21,3159 Lakefront,Bridgeport,06618,Connecticut,650 258 5192
896,Millie Shannon,1991/04/19,8966 Pryor,Tacoma,98082,Washington,702 305 8241
41,Tiffany Gomez,2003/03/06,796 Race,Stockton,95257 ,California,978 491 6316
421,Ricardo Alford,1983/07/20,9095 Hart,Denver,80653,Colorado,430 861 7508
966,Sarah Little,1996/03/02,4435 Ford,Elizabeth,07235,New Jersey,956 751 0110
845,Lucia Francis,1903/11/28,8072 127th,Laredo,78002,Texas,848 939 3864
269,Lawson Hobbs,1916/06/16,7663 Virginia,Provo,84030,Utah,505 952 4002
4,Anna Whitley,1976/05/28,2368 116th,Durham,27941 ,North Carolina,623 543 5476
996,Zayden Peters,1912/01/24,2594 Mobile,Cary,27512,North Carolina,978 365 2328
725,Alonzo Carey,2004/09/29,9867 Rose,Aurora,80083,Colorado,229 136 2592
321,Paxton Henderson,1916/05/01,5232 Washington,Thornton,80228,Colorado,972 106 4748
498,Jakob Rodriquez,1979/05/08,106 Waukesha,Portland,97147,Oregon,603 813 9227
282,Finn Vang,1944/03/12,3865 Calhoun,Kansas City,66558,Missouri,785 782 8203
723,Terry Moss,1994/07/21,661 Edens Cicero Av,Irving,75084,Texas,802 155 0084
213,Macy Reid,1951/12/27,2651 Linden,Aurora,60583,Illinois,347 175 3966
604,Sierra Manning,1966/09/21,5141 Campbell Park,West Valley City,84066,Utah,872 643 4135
381,Roy Grant,2002/07/02,6294 Green Bay,Anchorage,99392,Alaska,541 322 8783
880,Cindy Conway,1979/03/13,4140 126th,St. Louis,63934,Missouri,703 739 3356
204,Cale Dudley,1939/05/05,7697 Hunt,San Francisco,94393,California,802 902 7837
357,Abel Bruce,1963/01/07,8542 17th,Kent,98001,Washington,617 379 6351
806,Cali Harper,1978/11/15,6326 Monon,Fort Wayne,46045 ,Indiana,719 330 7932
68,Joe Humphrey,1989/10/26,8968 Higgins,Chandler,85264,Arizona,857 519 9153
16,Harper Wheeler,1999/10/19,859 Finsbury,Fort Worth,76201,Texas,551 253 0212
873,Brielle Duncan,1985/09/29,590 Congress,Miami,33234,Florida,609 675 2626
339,Lucian Lewis,1922/06/05,8261 Long,Gilbert,85244,Arizona,607 187 3241
684,Aleena Nolan,2015/12/19,1302 Hobson,Salt Lake City,84034,Utah,931 153 5659
333,Delilah Hudson,2000/08/01,8891 Stevenson Dan Ryan Ib,Peoria,61541,Illinois,410 456 8421
335,Kamron Freeman,1901/06/05,2211 Riversedge,St. Louis,63750,Missouri,203 702 6623
790,Braeden Morton,1906/11/29,2567 Larrabee,Wichita,67705,Kansas,609 452 8359
528,Augustus Wheeler,2003/01/28,3849 Homewood,Paterson,07523,New Jersey,815 391 4594
475,Francis Perkins,1950/05/16,9843 Kolin,Glendale,85050,Arizona,812 786 9161
559,Maggie Long,1936/08/07,1831 Watkins,Lincoln,68264 ,Nebraska,708 700 2469
59,Elizabeth Carpenter,2000/02/13,9453 Leonard,Worcester,01669,Massachusetts,671 485 4660
415,Colt Boyer,1980/12/17,518 24th,Anaheim,92879,California,570 289 9758
517,Princeton Carson,1931/09/16,5744 Moffat,Jersey City,07730,New Jersey,317 692 9720
895,Kolten Ramirez,1956/11/24,8488 James M Rochford,Fresno,93852,California,563 445 2353
235,Kathleen Glenn,1936/09/19,2388 Otsego,Cary,27514,North Carolina,707 181 8551
157,Aleah Hebert,1963/03/20,6250 Jean,San Bernardino,92376,California,909 970 6540
725,Carley Albert,1902/09/24,7401 Seminole,Aurora,80050,Colorado,979 462 0188
192,Kassidy Franco,1903/05/25,3616 Museum Campus,Hartford,06196,Connecticut,682 612 6723
14,Laila Avery,1911/12/30,3302 Eisenhower Franklin St,Bridgeport,06686,Connecticut,712 144 4940
546,Juliet Fisher,1979/10/18,6635 Crosby,Salem,97328,Oregon,563 404 9082
943,Teagan Richmond,1942/12/09,7355 Mcfetridge,Salt Lake City,84045,Utah,276 131 0845
890,Ali Roy,2004/05/03,5741 Lowe,Montpelier,05636,Vermont,251 715 2936
28,Daisy Conner,1997/09/03,567 East River,Charleston,29405 ,South Carolina,304 626 8419
994,Lorelei Stanton,1924/01/02,6612 Carver,Rochester,14670,New York,253 893 3239
626,Ximena Poole,1986/02/06,3827 Miller,Birmingham,35099,Alabama,973 999 4900
196,Quentin Richmond,1957/02/22,6722 Kennedy Nagle Av,Tampa,33740,Florida,870 756 6829
652,Brady Underwood,1987/02/16,5844 103rd,Houston,70364,Texas,214 341 9180
430,Liberty Savage,1937/06/21,77 Ontario,Portland,97046,Oregon,205 775 6230
432,Armani Stevens,1933/03/16,6698 University,Baltimore,21806,Maryland,458 766 4915
612,Ana Bailey,1990/08/16,5456 Chicora,West Valley City,84045,Utah,747 550 9458
607,Dimitri Burch,1906/09/18,7817 Wabash,Naperville,60438,Illinois,539 863 7950
9,Jeremiah Haley,1910/05/22,6206 Jessie,Warren,48084,Michigan,989 197 5022
744,Giancarlo Eaton,1906/09/16,5371 Columbus Ramp,Huntsville,35880,Alabama,269 767 8915
872,Kaleigh Lawrence,1902/04/19,2494 Kennedy Kostner Av,Minneapolis,55331,Minnesota,910 932 6701
100,Kaitlyn Atkins,1916/05/04,4508 Lsd Wilson Av,Oklahoma City,73491,Oklahoma,304 125 7477
69,Miya Cabrera,1904/11/08,8638 Cedar,Rockford,61182,Illinois,913 524 2399
176,Carlos Higgins,2005/07/10,659 Rush,Orlando,32801,Florida,972 733 5815
615,Nicholas Dyer,2014/07/28,7034 Humboldt,Reno,89549,Nevada,442 838 4105
417,Sarah Gilliam,1985/01/11,4524 Public,Philadelphia,19860,Pennsylvania,310 216 4873
675,Kendrick Fuentes,1912/02/09,8572 Throop,Fresno,93342,California,631 416 3246
12,Quinten Church,2006/08/14,6938 Medford,Coral Springs,33087,Florida,715 702 0572
855,Daniela Nash,2011/06/27,7417 25th,Evansville,47737,Indiana,701 513 5280
748,Nayeli Mendoza,1997/09/16,504 Kensington,Olathe,66012,Kansas,458 342 6885
882,Emmalyn Hansen,1950/05/11,3968 Schreiber,Olathe,66053,Kansas,671 255 0609
639,Howard Barnes,1996/01/28,7812 Iowa,Allentown,18144,Pennsylvania,747 984 3210
505,Reid Carlson,1970/06/22,216 Givins,Thornton,80294,Colorado,972 178 3268
645,Kyra Fuller,1901/12/05,5055 Yates,St. Paul,55056,Minnesota,787 516 8718
720,Aleigha Burt,1913/05/10,4779 Kennedy Addison St,Virginia Beach,23647,Virginia,678 105 8225
360,Laney White,2008/08/23,3266 Chicago Skyway St Lawrence Av,Cedar Rapids,52228,Iowa,719 376 3979
868,Bobby Delacruz,2002/03/19,7169 119th,Alexandria,22229,Virginia,442 567 5373
816,Kailee Orr,1990/07/08,2576 Milwaukee,Boise City,83419,Idaho,602 825 1042
621,Samir Tillman,1964/10/03,4940 Jensen,Lincoln,68119 ,Nebraska,973 465 0822
554,Hadley Marsh,2001/08/09,9911 Cta 69th St,Toledo,43422,Ohio,848 443 7062
184,Chaya Leach,2007/10/06,8476 Willard,Ann Arbor,48171,Michigan,717 891 5988
980,Brylee Beach,1924/09/21,5421 Warner,Gilbert,85256,Arizona,762 993 6738
806,Eli Hyde,1998/05/14,1181 I57 111th St,Wichita,67164,Kansas,917 481 6073
873,Kamille Sargent,1933/11/10,9439 Clifton,Eugene,97469,Oregon,773 497 3822
871,Jaylon Jacobson,2014/12/01,6330 Landers,Laredo,78093,Texas,845 899 6424
306,Hana Humphrey,1946/08/19,6234 Crosby,Topeka,66610,Kansas,229 327 0530
831,Mariana Browning,1929/04/02,4443 Emerald,Chicago,60498,Illinois,442 732 9551
204,Jonah Allison,1988/07/20,2033 Lill,Eugene,97439,Oregon,575 271 0952
240,Silas Patel,1965/04/13,1294 Stephen A Douglas,Providence,02833,Rhode Island,407 713 7578
391,Anika Morales,1983/08/15,4918 Dan Ryan Taylor St,Clarksville,37015,Tennessee,682 943 5054
187,Emmanuel Carlson,2004/03/23,7633 Prairie Park,Little Rock,72140 ,Arkansas,574 746 9675
297,Mateo Waller,1934/10/17,8864 Crest Line,Rochester,14677,New York,770 330 9496
943,Reed Mcclain,1994/06/19,1388 Lansing,Louisville,40403,Kentucky,573 807 1884
930,Kaitlin Mcdaniel,2016/11/01,5099 Stevenson 25th St,Long Beach,90744 ,California,636 144 5166
517,Lyla Walter,1918/01/30,3824 26th,Norman,73035,Oklahoma,847 343 8083
411,Calvin Vincent,1916/05/21,64 Jones,Tampa,33244,Florida,475 594 4670
472,Ellie Mcdaniel,2005/09/04,7326 China,Jacksonville,32129,Florida,740 302 8389
183,Valerie Mayer,1924/08/27,6622 Eisenhower Independence Bl,Aurora,80059,Colorado,203 845 3134
605,Chandler Ballard,2003/08/22,7159 44th,New Orleans,70126,Louisiana,574 544 6926
947,Kendyl Harrington,1975/01/04,352 Desplaines,Reno,89562,Nevada,786 640 9074
492,Dwayne Sargent,1904/09/05,8062 Calumet River,St. Louis,63155,Missouri,262 491 0439
904,Seth Fry,1981/11/09,7609 Dan Ryan Local,Montpelier,05604,Vermont,785 919 1274
912,Giovanny Head,1916/10/18,5712 29th,Fontana,92381,California,762 297 2673
937,Hallie Cobb,1966/05/05,4590 Ardmore,Clarksville,37045,Tennessee,541 893 1565
737,Guadalupe Petersen,1941/03/26,2317 Manton,Toledo,43749,Ohio,512 498 0939
812,Judah Reeves,1938/07/07,7378 Winthrop,Baton Rouge,70614,Louisiana,567 607 1311
971,Lainey Moss,1980/08/03,8602 Bryn Mawr Av,Chesapeake,23326,Virginia,240 721 9755
313,Mustafa York,1960/01/29,2856 Leland,Glendale,85014,Arizona,319 956 4132
622,Paul Branch,1997/10/29,4685 Hamilton,Olathe,66061,Kansas,308 786 2779
720,Messiah Ewing,1979/03/14,4667 South Water,New Haven,06506,Connecticut,805 579 6345
503,Quinn Leon,1973/11/23,6582 117th,North Las Vegas,89026 ,Nevada,571 269 7390
196,Josue Greer,1931/02/25,2935 Delphia,Rochester,14691,New York,931 306 6327
614,Donald Reyes,1982/09/05,8020 Waterside,St. Petersburg,33786,Florida,612 663 8145
207,Braxton Romero,1961/12/17,4302 Navajo,Henderson,89077,Nevada,419 892 3987
586,Cassius Reid,1922/11/01,5869 Dan Ryan I57,Boston,02770,Massachusetts,830 924 6624
949,Rebecca Rhodes,1909/02/03,1114 Osceola,Peoria,61556,Illinois,217 962 7134
758,Willie Terry,1989/10/21,5955 Leyden,Provo,84077,Utah,906 270 4103
276,Willa Lang,1985/04/22,7221 New England,Louisville,40521,Kentucky,916 665 2463
710,Nicholas West,1991/12/28,1656 Trumbull,Henderson,89066,Nevada,518 406 9164
506,Nylah Moon,2014/02/03,3960 Gladys,Kansas City,66456,Missouri,210 328 2540
576,Eliza Allison,1987/07/28,8286 20th,Austin,78555,Texas,734 600 7414
604,Nathan Lowery,1973/05/22,5608 Gole,Chattanooga,37376,Tennessee,256 279 9650
944,Lennon Lara,2005/01/24,777 Austin,Gilbert,85290,Arizona,480 849 1691
421,Marcos Kirkland,1949/08/09,4699 Randolph,San Diego,92594,California,762 409 0336
862,Spencer Mcneil,1986/07/21,1734 Hortense,Gilbert,85288,Arizona,218 704 6322
976,Ronald Curtis,1912/06/24,7411 Lsd Lawrence Av,Amarillo,79188,Texas,432 317 2243
885,Dylan Holman,1905/11/19,4524 Moorman,Wichita,67893,Kansas,831 914 3152
265,Shelby Chen,1958/06/07,9473 Court,Irvine,92687,California,361 645 9186
646,Lorelei Hunt,1907/01/17,6613 Dobson,Allentown,18127,Pennsylvania,610 781 4726
134,Elaine Hayden,1951/07/30,6973 Chanay,Fort Collins,80533,Colorado,786 375 0443
396,Kyle Riggs,1924/09/05,898 Reilly,Provo,84023,Utah,917 329 1553
404,Emilee Wong,1999/07/17,2623 Newland,Rochester,14659,New York,928 632 1912
835,Clark Cortez,2000/04/24,8893 Stockton,Allentown,18141,Pennsylvania,734 802 3184
669,Riya Brennan,2012/06/23,7301 Hyde Park,Lansing,48863,Michigan,331 250 4260
515,Jaylee Jensen,1967/07/18,2471 Kerfoot,Anchorage,99906,Alaska,949 166 8295
784,Shane Thomas,2009/03/08,8009 Stevenson Ib Dan Ryan,Austin,78522,Texas,432 986 4370
751,Stefan Rowe,1919/01/06,9983 Avenue M,Cincinnati,45254,Ohio,732 325 0171
653,Patrick Carney,1973/08/03,1435 Lake Lower,Seattle,98198,Washington,406 814 9148
189,Kourtney Williams,1950/03/27,758 Lake Calumet Harbor Ent,Bridgeport,06639,Connecticut,808 990 3263
215,Bradyn Gould,1977/03/21,9854 Hiawatha,Atlanta,30549,Georgia,347 821 2907
933,Aaliyah Woodard,1919/10/01,2913 Manila,Worcester,01629,Massachusetts,650 323 9842
565,Regina Russo,1960/09/13,741 Tripp,Oakland,94826,California,407 455 3006
799,Cynthia Benjamin,1956/05/12,5097 Pioneer,Cleveland,44559,Ohio,571 758 9115
663,Beau Keith,2007/10/19,2180 Maple,Tucson,85842,Arizona,231 151 7148
232,Ace Holman,1980/11/08,2248 Fullerton,Montpelier,05643,Vermont,573 578 1036
572,Nash Norton,1909/12/23,789 94th,Naperville,60494,Illinois,407 228 8441
672,Adrienne Lewis,1935/12/05,4498 Sanitary Ship Canal,Albuquerque,87977,New Mexico,475 121 1296
347,Sierra Holmes,1977/06/28,8224 Kennedy Ohio Feeder,Gilbert,85226,Arizona,530 169 3677
308,Yoselin Mcleod,1967/05/07,4171 Le Mai,Toledo,43595,Ohio,858 965 8910
480,Madalynn Little,1927/04/26,6006 Stevenson Damen Av,Garland,75991,Texas,704 819 1209
985,Valeria Keith,2006/04/24,3277 Rose,Providence,02820,Rhode Island,339 120 5619
936,Carley Carrillo,2001/03/16,7990 Wacker,Tampa,33429,Florida,321 970 2921
241,Ellis Lang,1977/05/06,7841 Hyde Park,Honolulu,96219,Hawaii,718 432 0331
679,Zariyah Glass,1901/01/29,3206 Beach,Provo,84062,Utah,253 330 0616
683,Keegan Sherman,1972/05/14,6064 138th,Dallas,75680,Texas,870 841 2292
819,Alexis Head,1954/01/03,302 Loop,Montgomery,36125 ,Alabama,352 635 0315
992,Aaden Oneill,1996/02/06,2030 Kreiter,Little Rock,72115 ,Arkansas,940 605 1986
40,Brenna Howard,2007/09/26,9602 Wallace,Los Angeles,90838,California,646 411 6321
132,Alisha Franklin,1967/05/24,2905 Stevenson,Fort Lauderdale,33131,Florida,213 446 7179
389,Sean Hampton,2005/04/08,6806 Maple,Henderson,89072,Nevada,308 622 6586
967,Mallory Valdez,1975/12/17,7123 Canfield,Omaha,68668 ,Nebraska,351 408 0834
195,Dario Medina,1959/04/02,5752 Dan Ryan,Aurora,60508,Illinois,231 660 4772
412,Malakai Carson,2008/07/22,6269 35th,Sioux Falls,57036,South Dakota,385 332 9121
387,Alisson Huber,1984/11/02,2484 Patton,Bakersfield,93206,California,607 130 3479
927,Damarion Boyd,1923/03/01,5066 Promontory,Boise City,83798,Idaho,510 111 6370
713,Sara Zamora,2001/06/10,6191 Packers,Amarillo,79190,Texas,623 433 9837
194,Mary Guzman,1950/07/05,5169 Cyril,Louisville,40305,Kentucky,458 436 7473
746,Jamarion Hood,1999/03/05,8797 Hobart,Aurora,60565,Illinois,567 272 8025
925,Kylan Phillips,1926/01/09,3326 Wallen,Springfield,01179,Massachusetts,657 693 3458
562,Brinley Howell,1959/02/07,2018 Kenosha,Fort Wayne,46162 ,Indiana,314 540 5024
242,Destinee Luna,1942/05/06,1677 Jensen,Rochester,14628,New York,434 428 8730
941,Zariyah Cannon,1936/04/16,2777 Harbor,Lakewood,80227,Colorado,210 517 3494
877,Beckham Johnson,1933/01/09,6130 Harlem,Paterson,07589,New Jersey,661 685 9000
797,Joseph Monroe,1911/03/21,414 West Water,Corpus Christi,78954,Texas,704 121 3427
579,Marie Suarez,1920/06/11,2592 St Helen,St. Paul,55019,Minnesota,863 972 8377
659,Britney Hyde,1984/10/28,7751 Kennedy North Av,Los Angeles,90142,California,516 999 6619
766,Elisha Pate,1994/06/21,5770 York,Lincoln,68115 ,Nebraska,539 505 7513
717,Jamal Duke,1995/02/04,4092 8th,Fort Wayne,46636 ,Indiana,208 391 1094
375,Brianna Chen,1976/02/04,1487 Ludlam,Boston,02549,Massachusetts,269 551 4594
631,Jolie Baird,1910/01/22,6284 Winthrop,Fargo,58007,North Dakota,571 383 0624
313,Brooklyn Holloway,1996/10/06,1151 91st,Laredo,78029,Texas,915 434 7523
721,Gael Hooper,1904/05/21,1662 Johnson,Anchorage,99838,Alaska,425 645 6312
580,Byron Jones,1953/01/02,5477 Churchill,Plano,75259,Texas,661 902 6945
680,Vera Huber,1976/06/14,2551 Madison Park,Miami,33883,Florida,715 355 2206
318,Kailynn Noel,1925/02/12,3475 Hermosa,Lincoln,68430 ,Nebraska,435 712 5327
833,Rachel Olson,1921/10/04,6969 Odell,Boston,02696,Massachusetts,262 346 2294
240,Dakota Pennington,1997/11/26,3850 Forest,Garland,75965,Texas,404 272 3900
542,Sharon Battle,1969/05/02,3727 Kennedy Monroe St,Irvine,92624,California,301 629 2623
606,Alina Vazquez,1934/06/09,2226 Grant,Kansas City,66156,Missouri,218 226 9723
292,Yaretzi Justice,1905/09/09,5660 Imlay,Akron,44387,Ohio,816 262 1055
350,Charlotte Stanton,1943/11/24,5184 Haddock,Wichita,67604,Kansas,831 224 1379
648,Semaj Hyde,1999/11/15,2990 Palatine,Sterling Heights,48313,Michigan,801 867 2220
835,Hank Powell,1954/07/28,7440 101st,Miami,33256,Florida,609 823 4052
787,Luis Ayers,1995/02/26,6115 59th,Salem,97342,Oregon,339 418 4207
990,Aniya Patel,1999/10/07,8802 Potomac,Cincinnati,45271,Ohio,831 659 4515
973,Chace Deleon,1963/06/27,3301 Sacramento,Plano,75132,Texas,313 309 3609
124,Ahmad Carroll,1998/06/29,5411 Cambridge,Louisville,40761,Kentucky,305 639 0825
758,Nathanael Douglas,1957/10/09,5284 Elaine,Manchester,03100,New Hampshire,314 556 2152
286,Easton Stephens,1915/11/19,2515 Drummond,Lubbock,79875,Texas,956 990 9714
185,Keyla Allen,1953/02/08,1343 13th,Chula Vista,91976,California,315 353 5434
652,Mckenna Oneil,1997/08/05,6349 Lehmann,Fayetteville,72711,North Carolina,518 807 3923
845,Hattie Scott,1941/03/15,4976 Central Park,New Haven,06588,Connecticut,480 839 0931
590,Mike Buchanan,1920/01/29,99 Mcalpin,Fayetteville,72778,North Carolina,929 594 4209
622,Carly Chang,1993/01/31,8976 Kennedy Fullerton Av,Anaheim,92823,California,845 380 3390
74,Damien Conley,1905/06/15,8660 Halsted,Denver,80386,Colorado,425 671 5717
800,Cayson West,1940/04/26,5756 Arthington,Yonkers,10745,New York,310 699 8516
23,Alberto Copeland,2015/10/04,6407 Steuben,Anaheim,92806,California,651 918 1648
220,Arianna Foley,1925/03/02,9075 Ritchie,North Las Vegas,89657 ,Nevada,702 102 5505
725,Rowen Gamble,1936/05/17,8131 Eisenhower,Coral Springs,33003,Florida,916 789 3185
309,Aldo Lawrence,2011/10/15,5918 Castlewood,Gainesville,32665,Florida,434 342 2314
292,Breanna Lloyd,1917/05/26,791 Princeton,Gilbert,85257,Arizona,385 507 9736
249,Karsyn Mcfarland,1935/11/17,3592 Lemont,Kansas City,66014,Kansas,253 554 5485
169,Reid Sargent,1915/09/17,6861 Hooker,Jackson,49255,Mississippi,907 601 1751
832,Arlo Woodward,1987/04/12,8836 Giles,Salem,97365,Oregon,262 819 1492
394,Kassidy Valencia,1910/11/30,2534 Corbett,Tempe,85037,Arizona,918 323 5510
734,Pablo Mcclure,1944/08/16,2385 Marble,West Valley City,84088,Utah,703 464 6689
772,Travis Barlow,1941/12/21,159 Luna,St. Petersburg,33797,Florida,408 303 4336
124,America Finch,1945/10/13,190 Fillmore,North Las Vegas,89559 ,Nevada,704 965 1971
508,Lorelai Cleveland,2011/08/15,1454 Lsd Michigan Av,Provo,84006,Utah,916 926 6259
615,Nicolas Schneider,1993/04/29,722 Pool,Sacramento,95575,California,937 842 1095
470,Kellen Zamora,2011/06/18,4961 Short,Springfield,65736,Missouri,585 721 8125
229,Antonio Ramirez,1980/05/21,5543 Keota,Henderson,89003,Nevada,908 596 4926
39,Jaelyn Allen,2014/08/18,887 Hickory,Jackson,49262,Mississippi,267 179 6951
158,Aryanna Cummings,1932/07/21,6365 Victoria,Norman,73058,Oklahoma,253 199 6830
961,Khalil Weber,1902/11/30,1043 Randolph Sub,Provo,84026,Utah,916 314 5958
693,Crosby Guerrero,1931/02/08,3012 Hunt,Fort Collins,80557,Colorado,212 396 2108
376,Mateo Myers,1995/02/13,8428 Northcott,Oklahoma City,73141,Oklahoma,563 114 5524
753,Danny Clay,1983/12/23,7833 Las Casas,Tempe,85070,Arizona,503 666 0924
989,Tyrell Prince,1992/07/29,8755 Lafayette,Indianapolis,46176,Indiana,631 116 8272
350,Jackson Pennington,1947/12/05,8099 Besly,Cary,27515,North Carolina,432 608 6046
555,Patience Sheppard,1962/03/08,4055 Longwood,Fremont,94505,California,321 546 6468
103,Lawson Chen,1989/08/11,4953 Riverdale,Newark,07178,New Jersey,301 611 3548
384,Kristen Hunter,1957/05/07,1971 Justine,Allentown,18152,Pennsylvania,267 222 7106
390,Jaxon Wells,1998/06/16,6236 89th,Orlando,32825,Florida,479 598 1740
531,Kaylen Kelley,1946/06/07,6649 Alta Vista,Winston-salem,27128,North Carolina,910 795 1364
898,Kara Gates,1933/08/31,98 Stevenson State St,Oklahoma City,73698,Oklahoma,703 102 2041
891,Felix Phelps,1911/11/26,8869 Pontiac,San Antonio,78703 ,Texas,630 475 1804
483,Adrian Simmons,1980/09/30,9675 Robinson,San Jose,95986,California,313 272 8560
337,Marilyn Swanson,1969/02/18,3680 Gresham,Syracuse,13209,New York,832 589 7421
367,Alex Obrien,1926/08/05,8932 De Saible,Fontana,92309,California,312 564 5700
763,Caiden Dickson,1956/12/07,5316 Wabash,Evansville,47784,Indiana,435 429 2466
527,Carleigh Maxwell,1979/12/03,6881 Wellington,Tacoma,98056,Washington,917 162 6814
867,Warren Romero,1919/03/24,4685 19th,Eugene,97431,Oregon,606 934 7037
611,Callan Barton,1968/01/15,1004 Lake Park,Baton Rouge,70434,Louisiana,408 177 2306
389,Caden Wooten,1993/11/13,7797 Seminary,Aurora,80090,Colorado,714 520 4947
76,Alessandra Tyler,1999/01/17,8098 Avenue O,Warren,48053,Michigan,712 251 3605
515,Pablo Jacobson,1946/07/06,4541 Dauphin,Buffalo,14281,New York,563 497 2511
385,Anne Pittman,2005/06/05,5547 Oakenwald,Fort Wayne,46758 ,Indiana,631 983 4610
117,Grady Valenzuela,1965/10/03,8802 Reta,Bakersfield,93202,California,424 912 8689
757,Crosby Walls,1991/04/09,1192 95th,New York,10179,New York,541 310 3441
315,Izayah Chaney,1948/08/21,7943 Niagara,Reno,89505,Nevada,575 639 0331
919,Kynlee Craft,1939/02/09,2590 Ardmore,Lubbock,79241,Texas,978 898 0887
667,Marisol Harrison,1983/12/17,1284 Lsd Randolph St,Indianapolis,46342,Indiana,901 411 9915
881,Joshua Mcgowan,1980/07/25,9753 Drummond,St. Louis,63175,Missouri,309 511 6341
643,Dixie Gaines,1960/03/25,1061 Fillmore,Dayton,45332,Ohio,720 414 0161
577,Ayaan Pearson,1929/01/22,4310 Cityfront Plaza,Chattanooga,37239,Tennessee,657 563 3429
342,Kirsten Stout,1957/11/02,7201 Riverwalk,Long Beach,90722 ,California,305 233 1120
175,Waylon Andrews,1986/02/19,7015 Waller,Lansing,48852,Michigan,308 182 3260
914,Brianna Rosario,2015/05/31,8164 Newport,Memphis,38039,Tennessee,989 889 1121
531,Hayden Bailey,1985/03/27,1503 Circle,Newark,07121,New Jersey,360 807 1385
428,Ingrid Mcfarland,1951/11/10,5067 96th,Indianapolis,46432,Indiana,518 386 6685
880,Samuel Heath,2015/09/24,6214 Higgins,Chula Vista,91972,California,213 285 8746
33,Jaqueline Noel,1962/11/15,4664 Otsego,Gilbert,85202,Arizona,478 644 5551
250,Araceli Howell,1956/02/12,8366 Kentucky,Columbus,31974,Georgia,320 727 4051
929,Matthias Fuller,1961/10/07,8751 23rd,Modesto,95356,California,469 164 4149
604,Finley Bass,1982/05/23,3235 Gladys,Albuquerque,87704,New Mexico,417 806 1862
700,Will Mathews,1988/05/20,5413 Chicago Skyway State St,Independence,64091,Missouri,401 918 8843
428,Tate Payne,1936/09/19,8474 Kenton,Los Angeles,90528,California,419 271 7430
895,Jaelynn George,2016/04/30,5942 Lsd Illinois St,San Jose,95670,California,206 201 4522
116,Hazel Park,1992/01/16,5481 Jones,Provo,84036,Utah,470 305 5544
898,Carlee Johnston,1913/01/03,9177 Hayes,Naperville,60431,Illinois,765 655 1523
26,Zavier Norris,2015/02/05,2120 Polk,Worcester,01668,Massachusetts,727 850 1916
282,Alexandria Conrad,1933/06/10,1530 Malta,Hartford,06148,Connecticut,425 928 9102
807,Jolene Richards,1943/02/26,2770 Blake,Independence,64080,Missouri,252 480 2942
200,Lillianna Randolph,1956/07/18,7258 Otto,Atlanta,30439,Georgia,561 631 9738
401,Kieran Pace,1916/01/01,374 Edens,Kansas City,66342,Missouri,901 953 5224
369,Yaretzi Marquez,1999/12/11,5391 Lakewood,Buffalo,14279,New York,916 262 5226
794,Vincent Larsen,1915/11/20,5918 Orange,Fontana,92397,California,765 725 7553
695,Blaze Carroll,1961/09/07,36 Cta 69th St,Indianapolis,46763,Indiana,302 893 9506
934,Lauryn Patrick,1959/04/19,6150 North Water,Springfield,65706,Missouri,424 470 0513
341,Benton Maddox,1932/01/17,4304 Federal,Warren,48085,Michigan,928 550 4770
633,Russell Watts,1909/09/02,1261 Banks,Tacoma,98064,Washington,609 789 6791
543,Camron Camacho,1925/11/27,7531 Rockwell,Mesa,85416,Arizona,704 838 9640
328,Rosalie Foley,1906/04/02,3908 38th,Newark,07160,New Jersey,706 302 7611
674,Juliette Meyer,1911/03/19,9350 Eisenhower Racine Av,Stamford,06969,Connecticut,760 789 7946
278,Alayah Davenport,1902/04/13,7720 Kennedy Randolph St,Toledo,43597,Ohio,425 605 1021
329,Alexa Howe,1964/07/08,5782 Lothair,Irvine,92654,California,217 548 4957
639,Elliot Mann,1957/11/13,8767 Hazel,Worcester,01663,Massachusetts,254 809 1439
500,Mohamed House,1993/07/25,8159 Blake,Worcester,01616,Massachusetts,947 225 9771
341,Miller Chen,1955/07/07,827 Maypole,Cedar Rapids,52228,Iowa,918 519 3202
477,Jayden Espinoza,1998/08/26,5213 Dan Ryan 63rd St,New Orleans,70602,Louisiana,769 886 2827
264,Alyvia Lopez,1972/06/25,3453 Clifford,Corpus Christi,78244,Texas,301 958 3415
81,Steven Beach,1901/02/20,4794 Woodland Park,Portland,97437,Oregon,980 160 4003
861,Kiley Buck,1930/06/25,1193 Pryor,Eugene,97467,Oregon,228 802 2718
118,Caleb Charles,1963/03/16,3807 Taylor,Kansas City,66098,Kansas,716 512 9306
472,Jair Nieves,1901/10/10,968 Tooker,Buffalo,14229,New York,847 690 1962
999,Finley Parker,1999/08/09,6569 Dan Ryan 55th St,Colorado Springs,80056,Colorado,215 786 0617
587,Patrick Deleon,1916/08/17,7366 Kirkland,Knoxville,37567,Tennessee,907 135 7025
821,Kadence Mcclain,1927/01/22,3734 Oriole,Denver,80307,Colorado,315 779 2875
642,Jaden Carson,2010/08/08,7603 Eisenhower Cicero Av,Plano,75523,Texas,218 896 7223
555,Mckayla Keith,1980/02/15,716 Thomas Barclay,Yonkers,10778,New York,630 497 3912
414,Nicolas Mays,1958/12/05,9884 Norwood,Lubbock,79665,Texas,601 258 5161
667,Maria Gallegos,1973/11/06,5668 Minnetonka,Omaha,68101 ,Nebraska,858 179 3814
189,Leonard Sweeney,2009/09/25,9076 Rhodes,Manchester,03108,New Hampshire,606 680 5666
293,Abram Nieves,2007/10/16,6457 19th,Tucson,85059,Arizona,316 453 4033
831,Claire Parsons,1906/08/28,5965 Odell,Oklahoma City,73377,Oklahoma,432 971 1664
113,Fernando Sherman,1975/02/03,2967 Crilly,Albuquerque,87193,New Mexico,478 560 4530
149,Reese Molina,1952/02/13,4725 Garfield,Virginia Beach,23746,Virginia,513 326 9363
404,Imani Odom,2016/01/11,8821 Arcade,Reno,89516,Nevada,762 961 2627
297,Ezekiel Olson,1922/10/14,242 Eisenhower Franklin St,Columbia,29053,South Carolina,254 592 8462
60,Renata Burgess,1907/09/11,2884 Kennedy Irving Park Rd,Columbus,43609,Ohio,954 785 4974
669,Emmalee Evans,1937/10/15,5341 Dan Ryan 79th St,Warren,48098,Michigan,912 808 3049
77,Melanie Good,1958/12/04,862 Edens Foster Av,Orlando,32892,Florida,857 315 4633
158,Ruth Holloway,1977/05/01,4383 Frontier,Sterling Heights,48316,Michigan,260 188 8067
505,Kendyl Coleman,1940/01/09,6575 Dan Ryan 35th St,St. Petersburg,33768,Florida,262 510 1355
85,Camryn Kirk,1931/01/27,1053 Ann Lurie,Jackson,49256,Mississippi,386 345 5999
689,Jayla Roberts,1902/10/04,3623 Mccormick,Los Angeles,90818,California,734 952 7639
153,Bryant Hess,1938/11/06,6190 Burley,Yonkers,10715,New York,424 929 0030
14,Francesca Sweeney,1949/08/06,1791 Mildred,Norman,73092,Oklahoma,225 900 2499
948,Johnathon Pennington,2007/11/08,9937 Wisner,Lakewood,80213,Colorado,513 585 5792
963,Laila Osborn,1991/09/28,3541 Dobson,Oxnard,93095,California,646 622 4908
758,Richard Gaines,1922/07/18,6369 Newland,Norfolk,23506,Virginia,206 726 0054
162,Mitchell Weber,1934/11/11,3612 Ancona,Columbus,31976,Georgia,919 743 7319
262,Angie Ayala,1985/07/03,8182 Warren,Springfield,65708,Missouri,901 579 3840
964,Deven Dunlap,1922/10/28,5515 Hartwell,Plano,75719,Texas,585 736 9522
444,Tiffany Hansen,1988/04/14,1286 Lock,Oklahoma City,73809,Oklahoma,212 116 1432
910,Issac Hernandez,1949/02/11,755 Corcoran,Memphis,38552,Tennessee,626 527 8809
307,Ernest Savage,1990/09/10,2207 Henry,Spokane,99237,Washington,810 364 5131
3,Deon Beard,1935/12/17,8069 Race,Tacoma,98034,Washington,408 640 3986
561,Gerardo Bowen,1956/01/29,6628 Carroll,Murfreesboro,37101,Tennessee,432 953 0546
702,Valentina Jacobs,1929/02/08,6263 Ottawa,Omaha,68114 ,Nebraska,763 747 5617
754,Tyrell Hawkins,1953/12/07,1855 Aldine,Jacksonville,32051,Florida,331 515 7604
193,Luz Harrell,1977/06/08,2300 Blanchard,Greensboro,27497,North Carolina,908 945 1811
870,Addison Sexton,1922/11/02,9586 Kennedy Ogden Av,Denver,80778,Colorado,209 121 4806
841,Phoebe Sykes,1943/12/25,6037 Kercheval,Lincoln,68131 ,Nebraska,731 922 9535
327,Sharon House,1927/02/01,2899 Throop,Knoxville,37878,Tennessee,731 655 4252
526,Damari Moses,1985/10/01,624 Austin Av Jfk,Plano,75849,Texas,862 650 0938
768,Isaiah Weeks,1914/10/25,4849 Hermosa,Akron,44339,Ohio,787 922 5710
456,Silas Clay,1903/09/23,1311 North Water,Corpus Christi,78118,Texas,860 896 6121
51,Patrick Bray,2013/09/09,2487 Chicago Skyway,Kansas City,66078,Kansas,787 287 2377
951,Mattie Stevens,1918/07/31,4866 Union,Sacramento,95992,California,605 598 1702
23,Irvin Shepherd,2013/07/09,4050 London,Newark,07183,New Jersey,978 305 5127
84,Priscilla Mcleod,1940/10/13,2659 Kennedy Ib,Grand Rapids,49596,Michigan,352 119 8415
94,Scott Harding,1980/05/02,8070 Avenue H,Indianapolis,46380,Indiana,206 498 3728
21,Maria Hardy,1986/05/05,7301 Western,Omaha,68101 ,Nebraska,910 502 9719
291,Jeremiah Hopper,1913/01/04,8343 Young,Minneapolis,55245,Minnesota,786 727 0369
568,Jeffery Holland,1999/12/06,6352 Irving Park,Tulsa,74783,Oklahoma,740 791 3816
435,Niko Wood,2000/09/25,6996 Calumet Access,Sacramento,95009,California,623 898 7873
211,Aaliyah Barry,1947/11/02,5075 Loleta,Augusta,30956,Georgia,224 866 1764
907,Simon Reed,1916/09/01,5381 Arcade,Miami,33510,Florida,414 361 6881
649,Drew Wiley,1979/06/23,8457 Gordon,Fort Collins,80594,Colorado,458 578 8242
7,Drake Benjamin,1965/09/26,5761 Lock,Anchorage,99085,Alaska,314 634 4220
1,Gabriel Salas,1903/11/20,7277 Lacey,Dallas,75460,Texas,727 571 2677
320,Yandel Peterson,1909/03/06,5044 Rumsey,Fresno,93497,California,412 165 3836
216,Erik Bullock,1962/12/12,7380 Kerfoot,Grand Rapids,49536,Michigan,317 479 6561
625,Kylie Stanton,1946/07/16,9991 Edbrooke,Clarksville,37081,Tennessee,432 178 8962
352,Gwendolyn Johnston,1922/02/23,4940 49th,Chula Vista,91997,California,715 436 8264
196,Greyson Gordon,1971/11/25,3118 Institute,Jersey City,07358,New Jersey,850 510 4612
808,Franklin Bowers,1973/12/26,9438 Isham,Charlotte,28614,North Carolina,817 783 2521
845,Carissa Garza,1919/01/07,5355 River,Little Rock,72122 ,Arkansas,202 473 4186
91,Alejandro Holder,1958/03/14,1219 Nettleton,Fort Lauderdale,33435,Florida,434 902 2741
549,Miguel Mcdonald,1910/06/02,4338 Dakin,Charlotte,28259,North Carolina,208 748 0227
488,Nathalie Conley,2002/10/21,9828 Watkins,Baltimore,21853,Maryland,276 262 0484
14,Salvador Chang,1992/06/09,1523 Edens,Surprise,85304,Arizona,704 428 3342
