74,Bosch/rotozip/skil 2354-02 4-volt I  X 03 Cordless Screwdriver,6,933.57
3,Ingersoll Rand 244a 1/2-inch Drive Super Duty Impact Wrench,6,015.59
88,Black & Decker 41-piece Project Kit With 3.6v Lithium Screwdriver, Ldx120pk,124.63
7,Dremel Ez Lock Starter Kit,5,029.78
12,Dremel Universal Drywall Jab Saw Blade, Mm435,2,836.34
59,Legacy Mfg Mega Power 12v Battery Powered Grease Gun,5,668.98
29,Bernzomatic Aluminum Soldering Rods 019325/al3,8,396.36
94,Buffalo Tools 1500 Watt Heat Gun,7,023.93
82,Black & Decker 9.6v-18v Multi Voltage Fast Charger, Fsmvc,4,236.05
85,Campbell Hausfeld 1-1/4 Brad Nails,3,074.56
30,Dewalt Power Tools 18 Volt Compact Lithium Ion Drill Driver & Impact Driver Comb,2,540.3
8,Wagan Emergency Impact Wrench Kit,9,422.57
18,Dremel Two Speed Rotary Tool Kit With 15 Accessories 200-1-15,1,601.47
63,Dual-temp Mini Glue Gun Kit, Red,2,918.84
91,Aaa 250psi 6-in-1 Air Compressor,5,239.82
74,Wen 6 Waxer/polisher,2,080.21
46,Warp Brothers Fcp-12 Flex-o-glaze Cleaner And Polisher - 12 Oz.,982.77
13,Titan Professional Workbench,301.55
73,Rockwell Rk3440k Versacut Circular Saw Kit,5,088.15
9,Blair 11108-3 11000 Series Rotobroach Cutters - 3/8-inch - 3-pack,7,042.94
45,Hitachi 1 1/2 18-gauge Narrow Crown Finish Stapler,3,951.4
96,Bostitch 6 Amp Orbital Jig Saw, Bte340k,4,407.92
63,Mr. Heater Stay A While Deluxe,6,954.54
83,Hitachi 2 18-gauge Finish Brad Nailer,7,827.78
42,California Air Tools 10 Gallon Ultra Quiet And Oil-free 2.0 Hp Steel Tank Air Compressor,5,394.54
35,Rockwell Shopseries 8 Amp Variable Speed Reciprocating Saw Kit,9,928.19
0,Hitachi 200-piece Mini Grinder Accessory Set,5,771.51
51,Ingersoll Rand 1/2 Air Impact Wrench 231ha,6,078.04
76,California Air Tools 5 Gallon Pressure Pot With Hvlp Spray Gun And Hose,3,422.04
33,Hoover Ch82010 Ground Command Super Heavy-duty Air Mover, 12 A, 30 Lbs, Black,8,607.11
77,Wagan Heavy-duty Air Compressor,4,250.83
79,Irwin 30-piece Drive Set, 1885554,4,227.63
3,Black & Decker Vs Jig Saw, Js515,8,143.49
81,Hitachi 18-volt Lithium-ion 3 Tool Combo Kit,5,806.28
19,Makita Mklxt311fh 18 Volt Drill And Impact Kit,7,536.26
45,Ultra Steel 4-piece 18v Cordless Power Tool Kit,5,307.12
26,Wen 5.2 Amp Electric Pole Saw,8,573.43
87,Black & Decker Matrix Combo Kit, 20v Drill And Trim Saw, Bdcdmt120ts,9,462.05
19,Stanley Fatmax 8.5 Amp Reciprocating Saw, Fme365k,300.63
72,Great Neck Saw Ra38 3/8 Drive Forward And Reverse Ratchet,3,524.3
67,Bostitch 8.5 Amp Orbital Reciprocating Saw And Bonus Saw Blade Set Bundle,9,422.42
53,Campbell-hausfeld Mp5142 Air Chuck With Gauge,1,321.95
81,Hitachi 83-piece Drill And Driver Bit Set,4,295.28
22,Dremel 4200 Rotary Tool With Ez Change, 4200-6/40,1,752.06
23,Acme Automotive Inline Adj Air Regulator,2,031.73
86,Rockwell Shopseries 18-volt Cordless Combo Kit, 3pc,2,842.34
98,Numax 2 Brad Nailer,6,859.56
76,Professional Woodworker Pneumatic Brad Nailer And Air Stapler Combo Tool Kit,4,556.51
58,Hitachi 2 1/4 Horsepower 11 Amp Plunge And Fixed Base Variable Speed Router Kit,6,209.57
35,Cgw Abrasives Z-thru Flap Discs - 4 1/2 X 7/8 Z-80 T27 Z-thru Flap Disc,630.09
71,Black & Decker Matrix Sanding Head Attachment, Bdcmts,3,398.22
53,Ad Tech Multi-temp Full Size 4 Glue Sticks, 50 Ct,7,898.02
44,Masterflow 12v 3-in-1 Turbo-boost Air Compressor / Inflator / Deflator,2,226.59
71,Stanley Fatmax Value Bundle,8,811.19
33,Bon-aire 12 Volt All In One Compressor In A Bag, Yellow,9,334.47
62,Dremel 8v Max Cordless Rotary Tool, 8100-n/21,9,138.07
36,Black & Decker Matrix Combo Kit, 20v Drill And Jig Saw, Bdcdmt120js,4,728.56
55,Legacy Mfg 3/8 X 100 Flex Air Hose Yellow,8,209.05
48,Bosch 6335-01 7 Amp 1/2 Corded Drill,9,546.63
87,Lumberjack Tools Hsbk1 Home Series Beginners Kit,3,484.64
46,Home Series 3 Pc Master Kit,2,823.86
77,Dremel Sm510 3 Metal Cut-off Wheel,4,715.28
96,Otc 4813 171 Piece Heat Shrink Tubing Set,5,796.08
43,Ingersoll Rand 1/2 Air Impact Wrench 231ha,5,509.12
70,12-volt Lith-ion Drill W/ Bonus Case & 150-piece Socket Set,3,103.82
42,Paasche Air Brush Dual Action Airbrush Set,1,735.78
59,Bostitch 6.5 Amp 3/8 Drill, Bte100k,5,154.35
56,Hitachi 12v Cordless Drill/driver Kit,6,867.34
49,Hitachi 12v Peak 2 Tool Li-ion Combo Kit With Carrying Bag,4,853.55
43,Black & Decker 4-amp Corded Drill/driver,4,095
72,Buffalo Tools 19 Piece Hole Saw Set,4,937.17
58,Skil 1810 1/4 Fixed Base Router,3,857.69
95,Makita Btl061 Lxt 18 Volt Angle Drill Kit,9,211.16
52,North American Tool 51872 80-piece Mini Rotary Tool Kit,3,281.13
4,Black And Decker 3/8 6-amp Variable Speed Drill With Keyless Chuck,2,153.27
96,Ultra Steel 3.0 Amp Jig Saw,949.07
11,Surebonder Ultra-full Size Dual Temperature Glue Gun,6,533.14
6,Vim Products 12mm Triple Square Bit,6,415
80,Ingersoll Rand 244a 1/2-inch Drive Super Duty Impact Wrench,7,975.84
98,Fry Technologies Cookson Elect Am33955 95/5 Lead-free Solid Wire Solder,8,911.51
74,Ingersoll Rand 1/2 Impact Wrench Tune-up Kit For 231ha And 231ha-2,8,723.75
90,Black & Decker 3-speed Rtx Rotary Tool With Bonus Spring Clamps, Rtx-6,3,825.6
71,Skil 3410-02 10 Table Saw,244.3
41,Lincoln Industrial 14.4 Volt Powerlube Kit - 2 Battery,8,682.27
63,Stanley Fatmax 12v Cordless Drill, Fmc010lb,5,786.2
20,Gmc Power Equipment 6.3 Gallon Gmc Syclone 6310 Ultra Quiet And Oil-free Air Compressor,2,614.97
95,Hitachi 4.5 X 5.5 Sv12sg Perforfeltpad,9,504.31
23,Stack-on 66 Steel Workbench,4,600.22
56,Wen Apex Pro 12v 3/8 Lithium Ion Cordless Drill/driver,8,353.43
92,Lumberjack Tools Tac2000 2-inch Commercial Series Tenon Cutter,6,095.28
19,Forney 72732 Wire Cup Brush Fine Crimped With 1/4-inch Hex Shank 3-inch-by-.008-inch,6,593.81
26,Motor Trend Cpm-0610 110-volt Ac Home Air Compressor,3,141.29
32,Hitachi 17 Piece Split Point Black Oxide Shield Drill Bit Set,456.34
56,Campbell Hausfeld 8gal Oil Free Air Compressor,1,480.88
47,Blazer Products 189-2072 Clear Pocket Torch Pb207 Black,2,282.86
22,Jflint Products 306 Mr Hard Water- Power Tool System,5,787.87
38,Vermont American 10 40 Tpi 10x Titanium Carbide Circular Saw Blades 27831,9,287.24
8,Campbell Hausfeld Dual Action Sander,718.21
44,Hitachi 18v Lithium-ion Impact Wrench (tool Body Only),1,975.2
66,Ultra Steel 1.5 Amp Palm Sander,7,164.93
