1,Niko Villarreal,12/9/03,1306 Solidarity,Glendale,85051,Arizona,309 746 4369
2,Felicity Read,12/22/74,7885 Kilbourn,Charleston,29405,South Carolina,302 970 4256
3,Brinley Barr,5/7/42,1472 Leavenworth,Aurora,60525,Illinois,617 962 7385
4,Jaida Pate,5/26/41,1027 Haskins,Long Beach,90747,California,415 225 1013
5,Hudson Sherman,12/14/73,4403 Merchandise Mart,Naperville,60409,Illinois,631 714 9317
6,Sylvia Mcintosh,5/7/94,7639 Kelso,Glendale,85084,Arizona,239 478 7822
7,Jaliyah Ramsey,8/30/48,5836 Dan Ryan Eisenhower,Boise City,83912,Idaho,602 138 2820
8,Mario Diaz,3/4/32,6460 Tan,Chula Vista,91902,California,385 559 6609
9,Estrella Rosa,2/24/41,9998 Conservatory,Arlington,76731,Texas,775 286 0098
10,Meredith Jefferson,5/17/61,2329 Lehigh,Garland,75015,Texas,908 248 6946
11,Katelyn Knowles,11/28/50,6094 Muskegon,Charlotte,28431,North Carolina,512 895 3630
12,Eleanor Tucker,10/24/16,3011 Bowler,Oklahoma City,73183,Oklahoma,239 933 3481
13,Melanie Hinton,12/5/29,1191 Stevenson King Dr,Lansing,48886,Michigan,870 224 1349
14,Diego Molina,8/9/30,2641 Lill,Long Beach,90740,California,415 693 7192
15,Amina Nelson,12/5/73,2472 94th,Jacksonville,32656,Florida,614 706 4582
16,Emerson Delaney,4/13/60,8006 Fork Chicago River,Las Vegas,89958,Nevada,402 136 6247
17,Jeramiah Burns,4/13/66,2219 Mozart,Eugene,97465,Oregon,910 984 7557
18,Ray Richard,8/8/07,8260 Loleta,Ann Arbor,48145,Michigan,763 263 4523
19,Jefferson Brennan,10/19/66,4052 May,Kent,98006,Washington,810 699 8972
20,Wade Patrick,8/8/24,6769 Maypole,Boston,2243,Massachusetts,978 490 1433
21,Bryce Trevino,5/11/52,4366 Chicago River,Joliet,60468,Illinois,770 796 6531
22,Lyric Summers,11/9/51,9365 Giddings,Gilbert,85202,Arizona,970 833 7182
23,Zeke Mendez,5/23/58,2336 Eisenhower,San Francisco,94307,California,651 846 0168
24,Amos Jefferson,5/7/06,38 Dayton,San Antonio,78544,Texas,601 689 4551
25,Braelynn Nixon,3/6/48,8662 Linder,Chesapeake,23396,Virginia,304 130 3626
26,Orion Reyes,8/18/43,3635 Garvey,Cincinnati,45283,Ohio,315 212 8960
27,Tori Watts,11/25/21,3209 Kasson,Fort Collins,80551,Colorado,769 563 1989
28,Kyra Velazquez,4/17/65,6525 Calumet Access,Cary,27512,North Carolina,901 137 7027
29,Serena Gentry,6/9/31,8853 Longmeadow,Overland Park,66221,Kansas,774 960 6519
30,Kelsie Estrada,7/1/85,8486 Lituanica,Fremont,94550,California,847 352 6909
31,Temperance Hubbard,11/24/87,620 Science,Fort Collins,80541,Colorado,212 301 6760
32,Gage Read,4/12/13,1320 Sayre,Kent,98047,Washington,425 410 7106
33,Raphael Finch,10/1/55,3370 Ib Eisenhower Ob Dan Ryan,Jackson,49235,Mississippi,641 595 8299
34,Ignacio Combs,5/16/34,5620 Kennedy Higgins Rd,Minneapolis,55264,Minnesota,913 850 3489
35,Jose Brown,11/24/13,3036 Louie,Sioux Falls,57071,South Dakota,770 381 9800
36,Briley Palmer,6/19/24,5873 University,Dayton,45337,Ohio,865 714 2232
37,Rayan Mccormick,4/18/85,5767 Randolph St Wacker,Kansas City,66361,Missouri,360 573 5476
38,Bryan Key,10/28/14,2839 Junior,Chattanooga,37987,Tennessee,567 451 0479
39,Giancarlo Cantu,4/29/21,6292 Holbrook,New Orleans,70747,Louisiana,319 740 6283
40,Efrain Todd,4/5/73,5389 Lansing,Tempe,85092,Arizona,684 629 5301
41,Tucker Fitzpatrick,6/29/11,7198 Morgan,Miami,33668,Florida,303 701 0439
42,Malachi Thompson,9/6/72,3029 Illinois,Oklahoma City,73371,Oklahoma,775 812 8425
43,Kaleigh Andrews,9/27/02,2027 Mccormick Place,Kansas City,66759,Missouri,636 855 2969
44,Dakota Chandler,4/26/70,476 Ohio Feeder,Greensboro,27400,North Carolina,502 956 1398
45,Zuri Bradshaw,5/18/42,3448 Columbus Ramp,Cleveland,44570,Ohio,563 477 3128
46,Brendon Read,1/27/03,4798 Lister,New Orleans,70960,Louisiana,202 331 4149
47,Kyndal Whitley,3/4/71,8024 Dan Ryan Taylor St,Salem,97347,Oregon,919 157 5460
48,Kyndall Moreno,6/22/07,2718 Pollock,Corpus Christi,78283,Texas,325 291 8334
49,Cooper Baxter,4/25/41,579 Mccook,Springfield,1123,Massachusetts,619 182 1361
50,Ryland Dale,1/22/09,9854 Jensen,Portland,97470,Oregon,708 916 8327
51,Matthew Livingston,7/8/43,623 Hiawatha,Arlington,76039,Texas,919 467 7178
52,Hayley Graves,10/20/10,5374 52nd,Tulsa,74698,Oklahoma,203 955 0644
53,Paxton Armstrong,3/5/83,8651 Kenneth,Corpus Christi,78343,Texas,475 770 6196
54,Braylin Higgins,5/21/02,9743 Dakin,Independence,64000,Missouri,253 569 1835
55,Semaj Michael,11/4/01,1311 Milwaukee,Montpelier,5644,Vermont,714 479 8964
56,Jase Brown,7/12/67,6069 Gladys,Topeka,66630,Kansas,802 801 8767
57,Lucian Bird,7/3/89,6314 Argyle,Hollywood,33049,Florida,516 246 0940
58,Micah Miles,4/14/86,8885 Pavilion Plaza,Lansing,48819,Michigan,252 152 5805
59,Gauge Shepard,1/31/44,1058 Hayes,Provo,84040,Utah,806 468 2975
60,Seamus Hale,6/27/14,8770 Whipple,Seattle,98867,Washington,609 373 4830
61,Kailee Woodward,12/12/25,3358 Park Shore East,Toledo,43994,Ohio,610 542 1843
62,Ruben Lowe,7/12/70,7521 Komensky,Chesapeake,23387,Virginia,747 398 1585
63,Jacey William,10/22/69,1295 15th,Aurora,60585,Illinois,806 168 6707
64,Jaxon Blankenship,1/15/13,3196 Old Town,Moreno Valley,92526,California,567 377 5293
65,Annabel Williamson,8/4/01,8867 North Branch,Rochester,14683,New York,661 933 4751
66,Cruz Chaney,2/18/56,8399 Paxton,Independence,64093,Missouri,508 173 9295
67,Carlie Drake,5/8/24,2494 Eisenhower California Av,Phoenix,85027,Arizona,330 189 9555
68,Skylar Stokes,3/17/49,6749 Concord,Laredo,78028,Texas,605 359 5826
69,Mathew Lancaster,12/2/87,9775 Central Park,Yonkers,10744,New York,763 588 0949
70,Denise Blanchard,10/26/42,8404 Anthony,Toledo,43933,Ohio,331 259 6181
71,Dante Weaver,5/29/34,2778 Hobbie,Richmond,23280,Virginia,804 459 2864
72,Alexandria Stevenson,10/6/12,9478 Lexington,Hampton,23616,Virginia,914 542 5330
73,Andres Coleman,9/29/15,2594 Carmen,Hampton,23635,Virginia,331 795 7114
74,Fiona Small,2/28/57,2320 South Water Lower,Oxnard,93019,California,337 967 6440
75,Joslyn Sampson,11/9/88,8448 Kostner,Chesapeake,23387,Virginia,832 516 4293
76,Braylon Daugherty,7/13/15,2299 70th,Charleston,29407,South Carolina,253 193 6500
77,Corbin Rosales,5/23/40,5912 Norman R Bobins,Atlanta,30559,Georgia,434 834 0416
78,Abram Medina,8/24/22,1813 63rd,Stamford,6959,Connecticut,754 437 3040
79,Elin Soto,4/24/30,9805 Halsted,Savannah,31395,Georgia,936 666 4738
80,Leona Austin,12/1/71,2325 Administration,Winston-salem,27148,North Carolina,430 264 5715
81,Farrah Vasquez,10/18/49,8210 Marketplace Access,Arlington,76486,Texas,715 140 5794
82,Jaelyn Bowman,12/10/37,8776 Cityfront Plaza,Salem,97359,Oregon,214 116 9860
83,Gavin Osborn,4/16/88,2150 Lawndale,Paterson,7590,New Jersey,202 333 3077
84,Tucker Sims,9/29/44,5362 Lamon,Olathe,66031,Kansas,970 958 0742
85,Saniyah Wiley,1/26/10,3333 Briar,Fort Collins,80505,Colorado,772 923 9471
86,Moshe Small,1/28/99,6571 Grenshaw,Chattanooga,37119,Tennessee,540 429 1854
87,Zechariah Glover,8/20/54,1564 Dan Ryan Ib Stevenson,Santa Ana,92608,California,228 773 0485
88,Kolten Bauer,3/18/89,4314 134th,Kent,98023,Washington,509 963 2486
89,Aliana Owen,11/19/58,3126 Grant,Montpelier,5627,Vermont,947 299 5507
90,Darwin Mcgowan,7/30/98,5279 Ib Dan Ryan,Chula Vista,91914,California,314 435 7603
91,Haley Meadows,2/16/79,846 50th,Chattanooga,37417,Tennessee,503 605 8243
92,Cristian Fletcher,1/7/65,5836 Nashotah,Colorado Springs,80208,Colorado,301 731 9385
93,Ryan Salazar,6/19/85,1686 S Branch Chicago River,Murfreesboro,37174,Tennessee,260 779 9013
94,Sterling Beasley,4/21/74,1741 Kennedy Harlem Av Ib,Long Beach,90764,California,513 866 1106
95,Johnathon Shelton,11/13/93,3568 Elliott,Gilbert,85265,Arizona,848 167 3731
96,Selena Read,11/12/14,9722 West Circle,San Antonio,78422,Texas,956 829 5230
97,Eve Cooper,3/8/91,8702 Locust,Salt Lake City,84020,Utah,312 316 3953
98,Santos Hickman,12/28/50,9170 Gladys,Detroit,48088,Michigan,229 910 1953
99,Penelope Carroll,8/24/90,4406 43rd,Stockton,95422,California,940 126 1180
100,Maddox Estrada,10/17/31,4697 Wacker Sub,New York,10483,New York,561 446 6510
101,Brice Hess,11/27/34,1562 Archer,Gainesville,32699,Florida,732 702 2668
102,Cassidy Douglas,12/18/40,6092 Fullerton,Scottsdale,85030,Arizona,620 456 0357
103,Anastasia Gomez,3/17/16,4734 Kennedy Diversey Av,Worcester,1607,Massachusetts,541 989 6660
104,Zachariah Dominguez,5/11/33,1583 Crilly,Bridgeport,6648,Connecticut,864 456 6996
105,Jayleen Burris,5/2/96,2866 Diversey,Columbus,31959,Georgia,734 290 4045
106,Jaliyah Ashley,8/16/18,4360 Stevenson Ib Dan Ryan Ib,Columbus,43466,Ohio,512 218 0505
107,Rowan Buckner,9/27/60,8655 Noble,Jacksonville,32793,Florida,201 936 8023
108,Jayden Malone,3/25/82,4240 Grand,Milwaukee,53441,Wisconsin,614 961 6550
109,Zoie Cole,8/7/07,5415 Chanay,Tempe,85001,Arizona,715 190 1544
110,Lilliana Erickson,7/11/87,7722 South Water Market,Fort Lauderdale,33976,Florida,718 524 7300
111,Miya Cross,6/8/68,3519 Anthon,Irving,75067,Texas,985 105 4453
112,Brycen Montoya,3/3/02,6892 Wolfram,Anchorage,99221,Alaska,541 669 6979
113,Alvin Miles,10/9/02,8329 Schreiber,Baton Rouge,70996,Louisiana,337 730 0140
114,Rhys Jacobson,10/30/69,3873 Paulina,Plano,75596,Texas,216 630 6729
115,Jabari Estes,3/10/93,5320 Hubbard Lower,Glendale,85005,Arizona,603 516 1613
116,Carlee Williamson,10/24/81,7335 Oakland,Charleston,29400,South Carolina,970 897 5611
117,Hayley Alexander,3/29/74,1593 Hermione,Salem,97361,Oregon,254 536 5890
118,Russell Wooten,1/22/73,9847 97th,Riverside,92512,California,707 302 3726
119,Ahmad Puckett,7/25/44,9250 Karlov,Houston,70940,Texas,724 434 5738
120,Elijah Alvarez,4/2/37,4062 Eisenhower Homan Av,Garland,75984,Texas,817 853 4285
121,Marvin Arnold,1/29/08,8758 Diversey School,San Bernardino,92383,California,641 430 4254
122,Kyron Warren,4/27/15,591 Park,Fontana,92382,California,646 981 0663
123,Jett Burton,3/23/17,2983 Blackhawk,Tacoma,98057,Washington,951 199 5868
124,Julianne Hodges,4/16/45,6446 Olympia,Fremont,94513,California,252 366 0429
125,Katelyn Hall,2/2/12,5988 Hood,Kent,98016,Washington,407 866 1415
126,Brendan Mcneil,8/20/67,9624 Orleans,Riverside,92531,California,503 591 0620
127,David Rivers,7/23/29,1006 Kennedy Racine Av,Jackson,49218,Mississippi,818 783 7184
128,Jimena Mays,10/24/35,2670 Julian,Fort Worth,76613,Texas,707 635 0104
129,Trevon Riggs,11/22/99,6384 Bellevue,Tulsa,74351,Oklahoma,515 825 1294
130,Haylee Clarke,7/16/97,8965 60th,Fargo,58045,North Dakota,217 803 9441
131,Danica Simpson,5/31/43,5991 Shelby,Jackson,49257,Mississippi,518 809 9816
132,Darwin Snider,12/6/44,571 Ohare Airport,Jersey City,7621,New Jersey,502 390 1318
133,Annabel Hanson,2/21/44,8557 Ridgewood,Fort Wayne,46833,Indiana,610 476 4754
134,Esteban Chaney,7/29/31,8611 Haskins,El Paso,79049,Texas,512 501 6947
135,Belen Lynch,6/18/52,8235 Evelyn,Garland,75256,Texas,312 853 0401
136,Skye Salinas,7/2/86,4627 Stevenson Expy,Oxnard,93055,California,281 735 6640
137,Talon Sanford,7/7/60,3937 Melody,Sterling Heights,48312,Michigan,904 936 0772
138,Kailynn Kerr,1/18/06,6151 100th,San Francisco,94377,California,314 937 7950
139,Madilyn Dawson,6/13/89,9568 Hurlbut,Coral Springs,33007,Florida,713 638 9773
140,Makai Patrick,12/10/73,9642 Lill,Milwaukee,53878,Wisconsin,830 916 2943
141,Dylan Calderon,3/7/21,6619 Karlov,Spokane,99289,Washington,662 984 8547
142,Damari David,4/6/47,5076 New Hampshire,Warren,48064,Michigan,713 586 6494
143,Kinley Valenzuela,4/23/87,1067 Indian,Gainesville,32669,Florida,304 664 6963
144,Cristian Ware,7/22/32,6064 Kerfoot,Phoenix,85875,Arizona,810 181 1399
145,Holly Larsen,10/22/75,8238 Thome,Washington,20529,District Of Columbia,559 800 3728
146,Jakayla Berger,11/26/39,1238 Abbott,New York,10987,New York,410 405 9683
147,Jayden Trevino,8/23/60,5268 Jeffery,Los Angeles,90332,California,832 408 6145
148,Elias Ryan,3/10/56,1198 Miami,Evansville,47774,Indiana,216 342 0288
149,Milania Hunter,1/2/19,5269 Elliott,Cary,27519,North Carolina,217 940 3321
150,Adrien Sears,5/6/59,4073 Eisenhower Expy,Durham,27007,North Carolina,718 643 5068
151,Laurel Frazier,1/1/61,4996 Wayne,Denver,80240,Colorado,671 749 2552
152,Atticus Calderon,1/16/98,2109 Union,Springfield,1157,Massachusetts,936 628 2622
153,Braylee Stevenson,1/2/02,9894 Schorsch,Joliet,60418,Illinois,501 352 2319
154,Melina Farmer,12/16/14,501 Wabansia,Fontana,92338,California,814 882 5447
155,Jorden Alston,8/4/35,9475 Delphia,Kent,98038,Washington,215 331 0534
156,Kamari Montoya,5/14/59,4499 Pacific,Hampton,23604,Virginia,217 263 4250
157,Lilian Grimes,8/12/82,383 Fairbanks,Kansas City,66042,Kansas,432 544 8037
158,Janessa Harrell,5/18/05,183 West Circle,Omaha,68808,Nebraska,563 231 6949
159,Roselyn Gomez,10/9/31,5993 Gratten,Nashville,37687,Tennessee,419 955 3885
160,Ruben Alexander,9/25/42,5138 Avenue F,Norfolk,23517,Virginia,872 221 1219
161,Jeffery Stephenson,11/5/22,5639 Stevens,Washington,20202,District Of Columbia,909 912 6845
162,Carl Maynard,2/11/14,6827 Ozark,New York,10380,New York,616 639 5821
163,Beatrice Williams,6/20/95,5286 Governors,Joliet,60427,Illinois,773 900 2367
164,Hana Velasquez,2/16/37,9852 77th,Charlotte,28910,North Carolina,773 910 0644
165,Mekhi Randall,3/22/34,7455 Desplaines,Aurora,60520,Illinois,684 585 3434
166,Princeton Murray,1/28/54,2907 Cityfront Plaza,Knoxville,37596,Tennessee,209 330 2327
167,Maximus Callahan,5/28/26,5916 Kilpatrick,Toledo,43856,Ohio,574 299 4294
168,Morgan Santana,7/6/18,8414 Wieland,Columbus,31974,Georgia,435 924 9564
169,Kian Ellis,7/4/57,8653 Dorchester,Baton Rouge,70698,Louisiana,925 169 0551
170,Aisha Cline,2/8/00,3412 Dan Ryan Express,Augusta,30967,Georgia,225 261 7152
171,Cheyenne Rodriquez,9/21/88,2904 Emmett,Tampa,33870,Florida,509 862 0032
172,Dylan Walker,5/19/66,8764 Kennedy Central Av,Madison,53308,Wisconsin,443 362 6357
173,Mikayla Foster,9/25/73,802 Louise,Long Beach,90792,California,539 955 7128
174,Maxx Jensen,2/7/52,5170 New England,Louisville,40731,Kentucky,440 765 2267
175,Lilyana Santos,8/24/69,4309 Crilly,Fort Wayne,46554,Indiana,206 798 3863
176,Amara Mcgowan,12/20/80,7107 Forest,Sterling Heights,48316,Michigan,662 165 3968
177,Jacqueline Marshall,12/2/25,2770 Humboldt,Columbus,43336,Ohio,507 824 0655
178,Bo Roman,7/30/86,7505 Serbian,Fort Collins,80536,Colorado,417 509 4800
179,Natasha Barry,12/30/07,5675 97th,Knoxville,37102,Tennessee,202 217 6567
180,Cayson Lindsay,2/14/48,8852 Mayfield,Savannah,31376,Georgia,626 621 2478
181,Jasmine Mcconnell,2/25/15,8462 Nokomis,Cleveland,44799,Ohio,936 236 5549
182,Cailyn Ellis,6/27/05,6703 Mautene,Omaha,68565,Nebraska,801 162 3019
183,Bethany Wells,8/15/93,4964 Emmett,Tampa,33165,Florida,810 723 0393
184,Luciana Mcconnell,7/22/01,3896 Westgate,Lansing,48828,Michigan,352 293 9990
185,Gabrielle Randall,11/29/72,6647 Hyacinth,San Francisco,94285,California,754 336 0414
186,Shawn Randall,3/18/37,1370 51st,Moreno Valley,92537,California,224 627 4443
187,Colton Powell,11/22/54,4841 Browning,Little Rock,72195,Arkansas,270 572 3283
188,Jesus Newman,9/17/28,3954 Steuben,Anchorage,99100,Alaska,701 324 8587
189,Aidan Diaz,5/16/07,4398 38th,Minneapolis,55957,Minnesota,435 270 1285
190,Isabelle Stafford,6/16/48,1839 16th,Yonkers,10799,New York,385 712 5737
191,Cristina Marquez,9/22/14,9653 Ferdinand,Syracuse,13220,New York,321 315 4395
192,Brycen Knight,4/16/16,1320 Chicago Skyway Turnaround,Winston-salem,27183,North Carolina,850 215 4353
193,Miranda Butler,8/5/15,5980 Kennedy Madison St,Montgomery,36114,Alabama,321 300 4225
194,Drew Barry,11/21/95,9871 Fork Chicago River,Gilbert,85291,Arizona,307 712 0644
195,Malia Garrison,9/25/07,4883 South Chicago,Montgomery,36125,Alabama,507 396 8114
196,Caiden Reeves,12/31/10,15 Walton,Hartford,6109,Connecticut,234 206 8757
197,Grace Key,7/9/70,4931 Cheltenham,Hartford,6103,Connecticut,430 985 5147
198,Franco Harmon,9/16/71,654 Harper,Austin,78954,Texas,331 105 1551
199,Camdyn Hooper,8/28/24,3020 Escanaba,Corpus Christi,78942,Texas,786 580 6592
200,Sharon Carter,7/24/11,8307 120th,Fayetteville,72744,North Carolina,775 225 1524
201,Kaylin Burgess,1/11/47,150 122nd,Boston,2501,Massachusetts,878 208 4120
202,Ainsley Haney,10/29/25,9483 Monroe,San Diego,92353,California,551 253 0694
203,Cecelia Simpson,4/4/74,5065 Eastgate,Orlando,32894,Florida,559 439 0342
204,Aurora Mcconnell,11/29/22,7326 Moody,Baton Rouge,70887,Louisiana,803 328 7791
205,Tyrese Luna,3/17/35,4898 Van Schaik,San Jose,95486,California,330 479 2462
206,Case Hendricks,9/30/48,579 Mackinaw,St. Paul,55012,Minnesota,757 825 7181
207,Kaylen Hansen,6/5/51,2887 Kennedy Armitage Av,Tampa,33175,Florida,731 100 2451
208,Helen Reed,3/13/01,9171 Southport,Las Vegas,89932,Nevada,228 945 7504
209,Paola Blevins,5/17/87,3300 Glenlake,Worcester,1627,Massachusetts,770 363 2319
210,Odin Barnes,4/11/17,8345 Eisenhower Oakley Bl,Corpus Christi,78978,Texas,208 318 6976
211,Manuel Aguirre,7/16/63,5374 Las Casas,Worcester,1690,Massachusetts,406 230 0527
212,Elizabeth Fry,8/7/25,8015 Walden,Oakland,94208,California,413 760 0895
213,Lila Hensley,12/9/62,7686 Jones,Tacoma,98024,Washington,219 644 4117
214,Yamileth House,1/5/04,9710 Point,Springfield,1158,Massachusetts,602 401 5052
215,Leighton Petty,7/16/44,3870 Greenwood,Huntsville,35811,Alabama,516 737 1630
216,Regina Mendez,11/19/34,422 Pitney,Fort Collins,80531,Colorado,409 194 2225
217,Elianna Stephens,10/13/95,3734 Northcott,Tucson,85093,Arizona,860 553 7122
218,Marilyn Rivas,4/2/71,9239 Campbell Park,Newark,7161,New Jersey,424 584 1165
219,Salvador Martinez,4/1/84,671 Burley,Ann Arbor,48114,Michigan,470 547 1240
220,Jared Cherry,11/17/14,814 Chicago Skyway Turnaround,Clarksville,37039,Tennessee,270 105 0672
221,Mattie Humphrey,7/31/55,217 34th,Allentown,18148,Pennsylvania,860 309 2869
222,Trace Durham,8/11/08,3195 Barry,Winston-salem,27192,North Carolina,561 197 3892
223,Audrianna Weiss,9/21/89,3563 Cambridge,Aurora,60520,Illinois,605 640 7843
224,Zayden Frazier,12/4/06,4842 Myrick,Madison,53350,Wisconsin,865 720 2376
225,Bryleigh Ball,12/11/05,7220 Dan Ryan Marquette Rd,Corpus Christi,78830,Texas,224 715 2857
226,Keenan Merritt,12/26/94,1187 Le Mai,Atlanta,30730,Georgia,908 303 1322
227,Kaitlin Cochran,11/14/08,8587 Lsd Columbus Dr,Plano,75348,Texas,352 415 5529
228,Carley Hartman,7/18/28,214 Washburne,Naperville,60454,Illinois,434 447 4841
229,Emilee Stanley,9/23/15,1266 Prospect,Evansville,47787,Indiana,484 267 7528
230,Dangelo Kirkland,6/19/16,9755 Mary,Kent,98080,Washington,872 792 6423
231,Reuben Manning,4/16/46,1214 Chicago Beach,Gilbert,85262,Arizona,706 327 4452
232,Charity Williamson,4/11/20,5447 Nettleton,Chesapeake,23323,Virginia,484 259 8168
233,Layton Bolton,12/30/63,6121 Olympia,Stockton,95675,California,410 941 9334
234,Makayla Washington,7/16/04,7595 Argyle,Honolulu,96833,Hawaii,309 124 2757
235,Semaj Fischer,3/3/87,9938 Catherine,Coral Springs,33076,Florida,671 942 6773
236,Lennon Watts,12/13/45,920 Shore,Grand Rapids,49537,Michigan,989 951 1126
237,Elena Goodwin,7/17/94,389 Yates,Kansas City,66929,Missouri,580 748 4938
238,Alaya Mack,12/17/04,1454 Stevens,Scottsdale,85045,Arizona,619 437 5426
239,Carlos Buchanan,3/4/06,9524 Dan Ryan Ib Eisenhower Ob,Irvine,92621,California,276 784 8300
240,Chaya Read,8/7/62,9304 Francis,Louisville,40957,Kentucky,419 359 5404
241,Jackson Chase,12/3/25,8974 Fairview,Greensboro,27409,North Carolina,773 770 3763
242,Sage Gibson,11/7/39,6656 52nd,Kent,98053,Washington,571 570 1866
243,Kyndal Guerrero,2/14/00,3561 Kennedy Diversey Av,Durham,27949,North Carolina,270 988 1176
244,Sasha Ingram,8/13/73,8381 Polk,Denver,80025,Colorado,917 618 5721
245,Rhys Kennedy,4/7/06,4111 Cheltenham,Alexandria,22246,Virginia,914 607 1620
246,Aliana Albert,6/10/96,322 Drew,Raleigh,27167,North Carolina,954 776 6285
247,Semaj Chapman,9/27/16,8141 Wisner,Huntsville,35858,Alabama,720 306 6110
248,Britney Mendoza,5/7/95,8081 Lenox,Springfield,65786,Missouri,575 204 6428
249,Sylvia Harrell,6/29/17,4886 Mccormick,Jersey City,7928,New Jersey,406 630 1640
250,Eduardo Landry,1/27/06,3894 Ohio,Atlanta,30179,Georgia,914 826 9557
251,Tristian Smith,11/14/18,3489 Lsd Wilson Av,Louisville,40706,Kentucky,684 124 6964
252,Paris Oneil,12/20/74,4605 Nordica,Philadelphia,19906,Pennsylvania,430 654 0758
253,Kyleigh Key,11/22/70,1592 Transit,Bellevue,98048,Washington,225 366 1149
254,Eric William,4/3/60,3924 Benson,Tucson,85910,Arizona,978 904 1877
255,Quentin Vance,1/24/13,6437 Onarga,Pittsburgh,15286,Pennsylvania,215 216 4868
256,Kellan Byers,3/15/02,7602 Dekoven,Columbia,29056,South Carolina,916 785 2004
257,Parker Alvarez,12/31/30,3437 Hobson,St. Louis,63307,Missouri,430 179 3760
258,Ronin Lester,3/7/69,1725 Monticello,Stamford,6931,Connecticut,480 367 9378
259,Troy Moore,3/31/65,7117 Keokuk,Evansville,47749,Indiana,678 703 3290
260,Branden George,6/26/30,5120 Lumber,Little Rock,72164,Arkansas,646 352 8055
261,Audrina Owens,4/25/19,322 Walton,Minneapolis,55785,Minnesota,331 482 1824
262,Erin Ruiz,8/16/08,4802 Henderson,Kent,98014,Washington,646 158 9025
263,Ernest Wiley,5/24/39,4539 Le Mai,Montgomery,36181,Alabama,712 320 4786
264,Jacob Davidson,8/15/13,8353 Parnell,Winston-salem,27191,North Carolina,563 519 0606
265,Armani Head,2/5/84,5021 Hanson,Evansville,47777,Indiana,716 203 4641
266,Shiloh Sampson,11/9/46,1313 Wilmot,Warren,48076,Michigan,681 571 3710
267,Konnor Bright,1/5/62,6553 Kennedy Harlem Av,Gilbert,85234,Arizona,671 915 8238
268,Jessie Ramos,4/28/08,8988 Hobson,Austin,78067,Texas,409 994 3611
269,Danny York,6/2/61,37 High Bridge,Knoxville,37980,Tennessee,419 796 9304
270,Brice Wyatt,2/2/51,3127 Ob Dan Ryan,Evansville,47793,Indiana,301 800 0815
271,Saniyah Pate,9/1/67,8424 Dan Ryan 87th St,Modesto,95393,California,714 443 1578
272,Adalyn Gordon,11/13/47,5044 Hermosa,El Paso,79115,Texas,206 458 4086
273,Deven Mcintosh,9/21/23,6796 Oakview,Eugene,97474,Oregon,978 226 7573
274,Russell Bond,6/21/11,5809 Independence,Amarillo,79137,Texas,248 300 1188
275,Maximo Pacheco,5/21/02,9426 Dan Ryan Michigan Av,Greensboro,27432,North Carolina,662 842 0230
276,Wayne Duke,7/20/13,342 Lyon,Tacoma,98054,Washington,906 351 8774
277,Maliah Fletcher,5/10/22,858 Ob Dan Ryan,Toledo,43027,Ohio,727 275 7466
278,Skyler English,10/22/49,5489 Clark,Syracuse,13274,New York,475 218 3206
279,Angeline Rhodes,5/19/22,440 Edbrooke,Chattanooga,37721,Tennessee,225 600 2493
280,Cash Randall,9/26/27,6563 13th,Anaheim,92831,California,912 510 0067
281,Vivian Bender,3/23/92,754 Kennedy Ib Eisenhower Ib,Springfield,65799,Missouri,385 537 5654
282,Geraldine Roman,9/2/57,5938 Dan Ryan 47th St,Olathe,66000,Kansas,810 200 3841
283,Shannon Arnold,11/21/88,5903 Stevenson Ib Lsd Sb,Anaheim,92870,California,631 589 4117
284,Darwin Rogers,6/30/04,9980 Lenox,Phoenix,85926,Arizona,567 866 4425
285,Blake Marks,1/13/13,891 Oak Park,Garland,75482,Texas,408 863 3845
286,Marcos Bates,3/19/04,1871 Normandy,North Las Vegas,89467,Nevada,938 968 4968
287,Maliah Jordan,7/4/07,8216 Woodlawn,Cincinnati,45286,Ohio,757 611 4448
288,Katherine Faulkner,3/27/82,4234 Brompton,Colorado Springs,80296,Colorado,234 765 3613
289,Jaycob Talley,11/25/48,7688 I55 Damen Av,St. Petersburg,33705,Florida,938 573 7598
290,Dominic Howe,5/12/51,486 Dekoven,Amarillo,79189,Texas,210 992 7072
291,Damion Mayo,8/8/02,6952 Estes,Cleveland,44390,Ohio,845 745 7969
292,Hannah Casey,4/25/57,8532 I55 Cicero Av,Fayetteville,72792,North Carolina,518 183 9827
293,Armando Cain,7/11/10,1402 Lehigh,Worcester,1602,Massachusetts,317 237 2624
294,Gloria Holden,3/30/14,7801 Lsd Michigan Av,Stamford,6933,Connecticut,908 485 7679
295,Elaine Valenzuela,11/9/08,3565 Le Moyne,Louisville,40156,Kentucky,443 127 6090
296,Bianca Webb,8/25/98,5825 Sioux,St. Paul,55066,Minnesota,702 863 6961
297,Joey Salazar,10/28/02,2250 Wicker Park,Pittsburgh,15455,Pennsylvania,603 482 4292
298,Benson Monroe,2/15/38,7819 Churchill,Orlando,32812,Florida,303 784 4341
299,Samantha Potts,11/4/13,1812 Austin,Kansas City,66032,Kansas,312 500 8568
300,Katelyn Oconnor,2/5/33,9934 Kirkwood,Charleston,29407,South Carolina,442 621 9526
301,Lizbeth Pickett,3/24/01,7952 Seminole,Riverside,92534,California,949 942 7707
302,Jessica Acevedo,9/4/10,760 Old Lake Shore,Naperville,60406,Illinois,779 518 1714
303,Joey Bishop,11/27/84,1454 Urban,Minneapolis,55307,Minnesota,430 215 8289
304,Gavin Decker,8/15/24,3960 Alta Vista,Toledo,43313,Ohio,770 716 3255
305,Thomas Rowland,11/12/01,299 Canal,Oklahoma City,73772,Oklahoma,210 850 3868
306,Xavier Burke,7/23/78,3192 Delano,Lansing,48829,Michigan,610 523 8502
307,Ayana Montoya,12/4/54,4823 Attrill,Gilbert,85243,Arizona,316 848 0389
308,Kaia Hinton,5/13/61,8055 Lake Lower,Joliet,60455,Illinois,661 183 2168
309,Patrick Vang,3/29/05,8661 Westgate,Springfield,65778,Missouri,570 807 1152
310,Soren Cross,10/17/92,9087 Schilling,Lansing,48879,Michigan,470 250 8035
311,Xavier Vaughn,12/17/14,122 Montgomery,Riverside,92583,California,662 278 9049
312,Avery David,11/12/42,8764 Corbett,Honolulu,96047,Hawaii,847 161 7915
313,Philip Bean,4/14/00,6237 Matson,Chandler,85245,Arizona,716 491 9203
314,Joanna Charles,12/25/80,248 Cambridge,Columbus,31951,Georgia,517 804 2639
315,Julianna Wong,10/13/27,5874 Besly,Hampton,23622,Virginia,830 730 5859
316,Kieran Moreno,10/26/14,4481 Riversedge,Baton Rouge,70138,Louisiana,571 835 7875
317,Sterling Chen,9/17/05,6354 Asher,Henderson,89092,Nevada,951 398 9417
318,Brett Hendrix,5/14/46,8325 Avenue O,Los Angeles,90899,California,308 787 7553
319,Kaitlin Baird,4/5/09,7642 64th,Tempe,85027,Arizona,830 677 4257
320,Dorothy Herring,12/14/61,9691 St Clair,Irving,75051,Texas,903 458 2016
321,Brendon Good,10/27/37,9533 Dan Ryan 76th St,West Valley City,84073,Utah,260 729 9603
322,Tobias Sargent,12/23/58,5539 Austin Av Jfk,Philadelphia,19825,Pennsylvania,602 293 2632
323,Gustavo Cunningham,8/14/37,6543 Lieb,Seattle,98342,Washington,515 928 5516
324,Lionel Knapp,1/28/18,8265 Kennedy Adams St,Olathe,66050,Kansas,947 257 0475
325,Karla Waller,6/20/92,7700 River,Columbus,31998,Georgia,908 888 2426
326,Elian Walker,2/10/14,7355 Chicago Skyway,Moreno Valley,92589,California,562 826 5996
327,Norah Greene,7/1/34,1012 Ib Dan Ryan,Cedar Rapids,52221,Iowa,267 672 5618
328,Victoria Dominguez,4/9/37,839 Matson,Indianapolis,46900,Indiana,442 438 6902
329,Guillermo Crawford,5/17/54,8694 Kennedy Jackson Bl,Pittsburgh,15567,Pennsylvania,215 904 0687
330,Austin Hancock,5/14/02,1222 Logan,Manchester,3109,New Hampshire,979 751 2668
331,Edgar Schultz,12/28/79,2758 Holland,Chandler,85210,Arizona,818 976 4442
332,Cain Gould,5/30/48,5324 Court,Evansville,47763,Indiana,210 360 5440
333,Yamileth Carter,10/15/15,1447 Fletcher,Fontana,92393,California,424 289 9254
334,Aleah Giles,6/28/51,5376 Lincoln Park,Coral Springs,33013,Florida,747 562 2271
335,Conrad Roman,8/19/45,3123 Kennedy Ontario St Sb,Glendale,85095,Arizona,301 434 2529
336,Lia Mcleod,8/10/81,5458 Sayre,Murfreesboro,37144,Tennessee,239 520 5880
337,Lyric Mcmahon,9/10/04,8968 Forest Preserve,San Jose,95244,California,939 901 8442
338,Rachel Griffin,3/8/65,9706 Garfield Square,Yonkers,10761,New York,321 840 4369
339,Annalise Brady,11/25/19,6172 Cannon,Montgomery,36177,Alabama,940 528 9938
340,Fletcher Hamilton,5/21/09,8567 North,Anchorage,99575,Alaska,212 958 2810
341,Curtis Summers,3/21/08,6795 Kennedy Ontario St Nb,Gilbert,85273,Arizona,260 574 9500
342,Elijah Klein,6/26/34,3407 Hobart,Durham,27846,North Carolina,417 461 2345
343,Margaret Potter,2/22/15,4519 Barry,St. Petersburg,33787,Florida,760 924 0033
344,Emilio Atkins,10/12/60,5130 Dan Ryan 63rd St,Fontana,92396,California,918 274 6605
345,Alvaro Soto,12/26/09,4797 Morgan,North Las Vegas,89841,Nevada,319 676 1855
346,Enzo Velez,9/3/05,3257 Elias,Sioux Falls,57052,South Dakota,617 165 9858
347,Teagan Calderon,4/22/99,3109 Eddy,Salt Lake City,84008,Utah,310 704 9023
348,Jayleen Yates,2/17/63,3806 Avenue M,West Valley City,84072,Utah,913 934 4174
349,Jacqueline Workman,2/27/03,7842 East River,Honolulu,96766,Hawaii,610 255 9703
350,Kingston Barnes,8/22/39,5708 Cahill,Toledo,43814,Ohio,603 247 2270
351,Heidi Palmer,9/28/56,9322 Belden,Fargo,58001,North Dakota,308 349 9421
352,Aliyah Thomas,6/30/13,1659 Giddings,Kansas City,66801,Missouri,302 362 9332
353,Jaden Olson,7/31/36,6015 Tonty,Irvine,92620,California,325 523 7215
354,Marisa West,12/16/68,1559 60th,Shreveport,71166,Louisiana,762 819 7133
355,Zuri Espinoza,9/19/70,3235 Armour,Scottsdale,85005,Arizona,813 272 3657
356,Talon Mercado,2/2/71,2340 Clinton,Buffalo,14246,New York,845 839 9616
357,Kaelyn Everett,3/4/04,4646 Eisenhower Paulina St,Paterson,7504,New Jersey,740 736 5041
358,Josie Ramirez,10/3/96,9027 Granville,Tampa,33504,Florida,228 472 9900
359,Bradyn Oliver,11/16/15,7120 Elmdale,Hartford,6109,Connecticut,612 586 9431
360,Paula Pace,3/30/34,7720 Dan Ryan 51st St,Laredo,78081,Texas,671 196 6572
361,Alexa Walker,2/25/02,9909 Kennedy Damen Av,Tempe,85017,Arizona,626 164 3150
362,Benson Buckner,4/8/77,860 Kiona,Evansville,47766,Indiana,513 662 5786
363,Carlos Jensen,10/13/56,8665 Sawyer,San Bernardino,92308,California,440 354 5449
364,Sariyah Walsh,5/29/53,4929 Kennedy Randolph St,Boston,2192,Massachusetts,567 440 6810
365,Julien Mclaughlin,1/4/46,3652 Lake Shore Dr Ramp,Las Vegas,89945,Nevada,702 540 5511
366,Sasha Clements,2/23/29,9142 Brennan,Tempe,85007,Arizona,434 970 1281
367,Malik Monroe,4/16/27,2544 Evelyn,Boise City,83985,Idaho,740 827 1622
368,Heidi Perry,5/10/56,9188 Octavia,Cleveland,44504,Ohio,407 882 3939
369,Charles Holman,6/7/06,2323 Holbrook,Spokane,99274,Washington,681 597 8246
370,Jewel Robles,7/12/26,442 St Helen,Modesto,95317,California,315 170 9101
371,Bella Spears,2/10/77,3751 Kennedy Ontario St Nb,Worcester,1650,Massachusetts,419 238 8015
372,Enzo Fox,10/14/34,9795 Ontario Feeder Express Lanes,Savannah,31388,Georgia,661 870 5687
373,Kasen Michael,4/21/27,7109 Eisenhower Morgan St,Elizabeth,7281,New Jersey,575 447 7978
374,Zoey Bernard,12/26/98,5571 Juneway,Bellevue,98052,Washington,310 920 5166
375,Ariella Lawson,11/26/41,4284 Iowa,Hartford,6195,Connecticut,213 340 1106
376,Mayson Leonard,1/8/14,2426 Jarlath,Albuquerque,87878,New Mexico,515 616 0413
377,Carlie Beach,5/2/26,1648 14th,Moreno Valley,92558,California,843 220 6469
378,Giada Austin,3/20/95,5113 Arbour,Peoria,61583,Illinois,567 896 6318
379,Derick Medina,3/15/12,3007 Wilton,Manchester,3105,New Hampshire,937 998 8075
380,Legend Velazquez,8/18/34,205 Eastwood,Tulsa,74562,Oklahoma,947 661 4149
381,Arian Hodges,12/19/99,6351 Doty,Riverside,92529,California,630 355 4870
382,Robert Salinas,7/12/27,9721 Armour,Chesapeake,23355,Virginia,301 930 3039
383,Lincoln Alvarez,6/12/13,3962 Garland,St. Louis,63774,Missouri,810 974 2983
384,Brooklynn Lopez,3/8/36,5602 State Line,Cleveland,44743,Ohio,303 360 5314
385,Jaylyn Lindsay,6/28/42,4606 Besly,North Las Vegas,89851,Nevada,973 677 1271
386,Amirah Patton,2/27/38,7052 Wacker Sb Lsd Lower,Seattle,98131,Washington,419 230 7039
387,Peyton Bennett,5/14/78,270 New,Milwaukee,53461,Wisconsin,608 516 4164
388,Greyson Robertson,12/24/03,8295 Patton,Springfield,1121,Massachusetts,207 923 6412
389,Mallory Bradley,1/14/48,799 Evelyn,Milwaukee,53459,Wisconsin,831 850 8069
390,Saniya Alvarado,5/18/01,5741 Harvard,San Francisco,94493,California,832 770 2230
391,Leon Jones,7/28/13,1557 Bryn Mawr,Jackson,49221,Mississippi,864 914 6140
392,Nancy Crane,9/5/75,8577 Komensky,Honolulu,96776,Hawaii,508 513 2701
393,Ellen Hicks,8/3/07,2088 Kedzie,Chattanooga,37906,Tennessee,941 401 3592
394,Braylee Jones,11/6/09,7138 119th,Bakersfield,93705,California,435 103 4963
395,Theo Rosario,12/29/07,9806 Eisenhower Sacramento Av,Arlington,76488,Texas,801 740 6009
396,Jagger Bonner,7/1/53,8923 Hastings,Salt Lake City,84016,Utah,828 196 5538
397,Korbin Whitehead,3/10/60,6647 Fifth,Chesapeake,23343,Virginia,907 732 0921
398,Yamilet Calhoun,10/27/81,3697 Paris,Richmond,23259,Virginia,682 987 3121
399,Legend Owen,4/25/84,2937 Minerva,Manchester,3107,New Hampshire,614 241 7105
400,Casey Stein,4/19/23,8296 Dan Ryan 83rd St,San Francisco,94802,California,276 995 9676
401,Kinsey Wall,7/14/39,6495 Arcade,Montgomery,36176,Alabama,573 564 9292
402,Dominick Marsh,8/21/59,3136 Melody,Durham,27939,North Carolina,707 493 7428
403,Izabella Caldwell,4/8/20,4717 Central,Colorado Springs,80011,Colorado,787 961 5501
404,Haleigh Gould,7/5/73,1663 Olcott,Honolulu,96583,Hawaii,408 930 2539
405,Matteo Duran,9/14/01,1632 Young,Clarksville,37019,Tennessee,325 180 3060
406,Evan Franklin,12/5/56,8633 Oleander,Baton Rouge,70522,Louisiana,931 715 2528
407,Mikaela English,2/11/26,737 Mcleod,Thornton,80232,Colorado,256 861 9012
408,Bethany Ramsey,1/23/98,3470 Stevenson King Dr,San Francisco,94248,California,201 872 5223
409,Brian Osborn,3/24/15,6376 Ionia,Cedar Rapids,52227,Iowa,770 239 8020
410,Ryann Rodriquez,4/4/62,9050 Montrose Harbor,Chandler,85235,Arizona,810 598 0314
411,Lydia Peck,4/7/29,8529 Cregier,Buffalo,14210,New York,908 463 2877
412,Conrad Levy,3/14/58,8937 Meredith,Bellevue,98040,Washington,908 219 0271
413,Hayes Sawyer,6/2/14,641 Chicago Skyway Indianapolis Av,Irvine,92662,California,769 304 5375
414,Dalia Rowland,3/17/47,8120 Olcott,Norfolk,23515,Virginia,814 353 1450
415,Sienna Crosby,3/11/62,1287 Burnham,Joliet,60401,Illinois,701 853 1679
416,Dominik Alford,3/25/83,9906 Holden,Murfreesboro,37113,Tennessee,918 287 6627
417,Devin Webster,1/9/90,2404 Olympia,Irvine,92627,California,601 283 0312
418,Jermaine Santiago,5/31/94,9296 Lsd 47th St,Hollywood,33000,Florida,810 268 6929
419,Donovan Pugh,11/4/98,3660 I55 Damen St,Indianapolis,46381,Indiana,425 422 8312
420,Brynn May,10/8/49,6674 Lsd Lawrence Av,Atlanta,30286,Georgia,843 945 6730
421,Kamden Riley,9/26/34,4808 Nickerson,Albuquerque,87248,New Mexico,915 349 7258
422,Kody Zimmerman,5/22/67,4574 Grover,Albuquerque,87254,New Mexico,563 374 8115
423,Jonathon Mcfadden,10/31/18,9500 Marble,Norman,73029,Oklahoma,702 383 3710
424,Kenya Moses,2/2/16,4146 Lovejoy,Corpus Christi,78033,Texas,330 967 1296
425,Janessa Head,12/19/64,722 Loyola,Memphis,38259,Tennessee,907 815 3082
426,Miles Roth,5/19/98,5004 Loomis,Nashville,37116,Tennessee,206 494 9996
427,Darien Curry,12/15/49,9953 Willow,Kansas City,66083,Kansas,617 789 4692
428,Wyatt Bright,5/7/84,6608 Homewood,Sioux Falls,57059,South Dakota,814 154 3807
429,Charlie Kirkland,3/11/01,3971 Keokuk,Houston,70776,Texas,312 853 9859
430,Emmett Robbins,3/18/84,4620 Poplar,Glendale,85018,Arizona,813 788 8353
431,Salvador Trujillo,8/14/08,5307 Wayman,Olathe,66032,Kansas,810 122 5613
432,Matteo Benton,1/4/14,7222 Wacker Ramp,Chandler,85200,Arizona,678 513 4971
433,Kash Williamson,12/12/94,1481 95th,Los Angeles,90499,California,316 680 5981
434,Brock Medina,4/9/31,2756 Quincy,Fort Lauderdale,33736,Florida,630 815 1789
435,Jerry Rosales,1/2/05,3054 Dan Ryan I57,Durham,27089,North Carolina,319 211 2950
436,Rowan Martin,8/6/55,1759 Kennedy Ob Jfk Express Lanes,Provo,84076,Utah,972 778 5464
437,Adonis Trujillo,1/29/41,5707 Thompson,Winston-salem,27106,North Carolina,832 173 3732
438,Kelly Guy,10/15/71,9928 Margate,Houston,70077,Texas,520 990 4520
439,Princess Forbes,5/5/85,248 Woodlawn,Phoenix,85579,Arizona,339 150 5035
440,Bree Thompson,4/12/26,3085 Haddon,Hollywood,33048,Florida,202 755 7975
441,Amelia Collier,11/13/29,2688 Dowagiac,Gilbert,85206,Arizona,662 257 4189
442,Lilah Cantu,4/15/89,8690 Oakenwald,Allentown,18154,Pennsylvania,612 256 7827
443,Alayah Chen,3/15/23,5350 Lacey,Naperville,60486,Illinois,507 501 7061
444,Kole Alvarado,6/16/63,7648 Ibsen,Elizabeth,7235,New Jersey,731 556 7465
445,Lucian Kim,11/12/97,2629 Cheltenham,Montgomery,36107,Alabama,828 448 0981
446,Easton Maldonado,9/24/02,6180 Banks,Philadelphia,19648,Pennsylvania,847 735 5611
447,Ali Avila,10/31/74,4275 Irving Park,Colorado Springs,80818,Colorado,610 354 4855
448,Kristen Jennings,11/12/25,4781 Givins,Kent,98042,Washington,816 799 0681
449,Kelsey Sanders,2/2/02,913 Mccook,St. Louis,63653,Missouri,424 330 8501
450,Sky Patton,12/1/06,7018 Estes,Tucson,85890,Arizona,231 733 9132
451,Raphael Duke,1/29/11,1797 Pleasant,Irvine,92603,California,334 495 1793
452,Lucille Ramsey,10/11/56,9564 Madison,San Jose,95234,California,848 503 5014
453,Izabella Quinn,9/24/11,5299 Hartland,Raleigh,27086,North Carolina,916 451 2736
454,Selena Floyd,5/23/30,2017 Damen,Boston,2094,Massachusetts,646 805 9357
455,Kylee Rodriquez,2/4/76,5211 Waldron,Virginia Beach,23429,Virginia,501 602 0978
456,Reid Pierce,8/5/49,967 90th,Chula Vista,91988,California,561 265 8133
457,Corbin Weeks,4/6/00,1755 High Bridge,Jacksonville,32731,Florida,352 530 1841
458,Anders Tanner,7/17/16,7614 Upperlevelt1,Richmond,23267,Virginia,541 389 1223
459,Aliyah Carrillo,1/24/63,4185 Lawndale,Durham,27822,North Carolina,954 327 5596
460,Houston Stout,12/10/48,7528 Poe,Long Beach,90731,California,719 806 0264
461,Jorge Holloway,1/16/89,3023 Waller,Irving,75028,Texas,859 145 5129
462,Monica Swanson,3/25/20,7246 Kennedy Adams St,Bakersfield,93679,California,936 522 2195
463,Marissa Hall,12/16/22,7792 Stetson Lower,Henderson,89070,Nevada,707 315 3967
464,Conner Hinton,7/4/71,8848 Clifford,Worcester,1665,Massachusetts,518 380 2617
465,Marisa Massey,11/5/13,9765 Lake,Kent,98005,Washington,626 720 9847
466,Lennon Walton,2/8/35,2878 Benton,Phoenix,85981,Arizona,317 652 7686
467,Marlon Bridges,10/14/35,5650 Paxton,Washington,20134,District Of Columbia,864 216 7683
468,Jayden Robles,1/11/04,594 Watkins,Philadelphia,19059,Pennsylvania,607 773 3571
469,Princess Roberts,4/21/37,2233 Tom,Manchester,3109,New Hampshire,763 786 0154
470,Kyron Willis,7/9/02,2175 Des Plaines River,Columbus,43683,Ohio,870 455 8435
471,Gabriel Murphy,2/7/18,8462 Pavilion Plaza,Lincoln,68962,Nebraska,575 529 0238
472,Jonas Delaney,9/2/70,9354 Tankfarm,Greensboro,27495,North Carolina,859 721 7555
473,Mikaela Everett,10/9/04,5834 Eisenhower Central Av,Long Beach,90717,California,508 190 3743
474,Kiera Golden,8/15/76,1361 Seymour,Coral Springs,33065,Florida,301 270 6805
475,Kaylie Vaughn,5/31/80,555 Luella,Miami,33039,Florida,609 807 9494
476,Hassan Dickson,9/22/42,36 Oglesby,Fresno,93047,California,209 857 1736
477,Giada Newton,9/24/18,6529 Farrar,Denver,80631,Colorado,808 140 2320
478,Will House,7/18/39,5907 Allport,Stamford,6994,Connecticut,872 529 0901
479,Derrick Gilliam,6/24/54,307 Monticello,Honolulu,96877,Hawaii,406 819 9058
480,Kareem Daniel,3/4/36,5467 Ohio,Stockton,95162,California,208 767 6314
481,Luciano Keller,12/19/23,1490 Schick,San Diego,92998,California,712 977 5059
482,Skyla Flores,9/1/94,9284 Barry,Irvine,92612,California,516 182 3435
483,Jenna Case,12/2/16,4166 Ottawa,Dallas,75780,Texas,707 976 1601
484,Luciana Cortez,2/5/12,2551 Recreation,Yonkers,10712,New York,631 188 2552
485,Juliet Hanson,1/25/03,1203 62nd,Pittsburgh,15453,Pennsylvania,724 555 1014
486,Jaidyn Velazquez,6/3/24,8175 Princeton,Miami,33105,Florida,409 225 4600
487,Cristian Combs,9/21/86,7431 University,San Diego,92118,California,989 731 9934
488,Beatrice Patterson,7/14/59,5860 Kenton,Baton Rouge,70825,Louisiana,470 790 6100
489,Juliette Gould,3/29/72,1823 I55 Damen Av,Rochester,14607,New York,830 439 3202
490,Waylon Patrick,5/9/08,9229 Burton,Fresno,93815,California,740 134 3330
491,Conner Rush,4/9/96,999 44th,Sacramento,95286,California,715 671 4197
492,Gunner Doyle,3/10/14,184 Alexander,Charlotte,28673,North Carolina,917 450 5939
493,King Logan,4/22/72,3630 Dan Ryan 31st St,Toledo,43724,Ohio,386 174 8295
494,Ali Williamson,5/23/02,1683 Myrtle,New York,10968,New York,214 310 0162
495,Aryanna Irwin,8/3/38,4818 Marketplace Access,Louisville,40357,Kentucky,616 421 5212
496,Emmy Petty,2/6/39,550 Kennedy Ohio Feeder,Albuquerque,87492,New Mexico,901 372 4098
497,Malcolm Little,4/15/63,1548 Homewood,Greensboro,27464,North Carolina,681 394 7520
498,Myla Velasquez,3/12/70,6797 Gordon,Atlanta,30007,Georgia,972 635 7369
499,Raelynn Dickson,6/12/54,1697 Commodore Whalen,Lubbock,79730,Texas,747 186 3632
500,Corban Pacheco,5/29/09,7080 Seymour,Peoria,85328,Arizona,510 340 1578
501,Maximo Daniels,1/16/75,3133 Riverside,Cary,27519,North Carolina,801 659 5964
502,Marcus Gallagher,11/29/72,3542 Lawrence,Plano,75228,Texas,539 230 2556
503,Londyn Mccray,6/3/52,7772 60th,Detroit,48256,Michigan,917 575 9077
504,Fatima Vaughn,1/10/29,1937 West Circle,Fremont,94554,California,760 973 6882
505,Uriel Baxter,6/1/22,543 Campus,Long Beach,90780,California,501 658 7197
506,Melissa Montoya,11/17/15,932 Jerome,Bakersfield,93643,California,412 529 1832
507,Lucian Luna,3/26/14,3700 Ellis,St. Louis,63457,Missouri,562 591 5921
508,Ruben Baird,8/10/79,4186 Bonaparte,Tallahassee,32372,Florida,317 703 9434
509,Kyan Jenkins,5/20/91,277 Monitor,Elizabeth,7230,New Jersey,616 214 3432
510,Jaliyah Emerson,2/12/07,6744 South Water Lower,Stamford,6959,Connecticut,773 778 0646
511,Sarah Maxwell,12/29/11,6204 125th,Garland,75969,Texas,607 183 5739
512,Wendy Best,4/21/13,9147 Altgeld,Bridgeport,6652,Connecticut,916 521 1993
513,Mustafa Nichols,2/17/78,4032 Throop,Portland,97427,Oregon,419 745 4239
514,Legend Little,7/31/73,6587 Marketplace Access,Tallahassee,32301,Florida,740 760 9319
515,Cailyn Tillman,9/25/80,1386 Gole,Oxnard,93031,California,718 351 1587
516,Annabell Hall,12/21/46,872 Mcauley,Reno,89526,Nevada,480 191 2418
517,Angela Whitney,9/18/96,5826 Stephen A Douglas,Montgomery,36160,Alabama,435 966 3602
518,Davon Carney,12/19/34,6400 Veterans,Mesa,85399,Arizona,920 344 7748
519,Sonia Leblanc,10/18/01,8897 Streeter,Murfreesboro,37175,Tennessee,925 415 7758
520,Ainsley Terry,8/27/90,821 Rhodes,Springfield,65743,Missouri,407 836 0267
521,Arielle Cross,5/29/73,5686 Oak,Clarksville,37004,Tennessee,972 124 9308
522,Jacob Bonner,3/8/09,8489 Nixon,Augusta,30943,Georgia,651 166 1659
523,Leia Guerra,5/29/67,3719 Lieb,Milwaukee,53771,Wisconsin,260 659 6936
524,Bryson Knapp,2/7/99,4942 New England,Garland,75228,Texas,732 997 5328
525,Esmeralda Barr,10/11/83,7816 Edens,Virginia Beach,23232,Virginia,812 774 6095
526,Jolene Gill,9/28/49,1734 Mcdowell,Paterson,7576,New Jersey,440 898 8468
527,Sullivan Caldwell,12/27/92,8654 Lockwood,Seattle,98214,Washington,971 416 2854
528,Kamila Watkins,8/30/16,8883 Julia,Yonkers,10786,New York,805 925 9790
529,Linda Salazar,1/11/65,7806 Superior,Norman,73070,Oklahoma,530 170 6891
530,Aron Cobb,6/22/83,9269 Payne,Provo,84032,Utah,848 722 7663
531,Gage Shannon,2/1/50,1794 Eisenhower Homan Av,Oakland,94156,California,618 435 2907
532,Billy Buckner,10/17/69,3019 Draper,Gainesville,32676,Florida,434 750 7128
533,Aidan England,9/4/41,9965 Edens Wilson Av,Springfield,1134,Massachusetts,937 254 8833
534,Samiyah Noble,2/6/04,4035 Gregory,Scottsdale,85055,Arizona,228 742 4172
535,Urijah Blanchard,2/23/17,3917 Calhoun,Spokane,99207,Washington,417 370 2542
536,Caden Holder,7/4/14,8197 Haussen,St. Paul,55066,Minnesota,713 623 9150
537,Dangelo Solis,1/26/57,1705 Newberry,Oakland,94475,California,214 450 7375
538,Brodie Hammond,4/6/48,8563 71st,Hollywood,33071,Florida,954 509 3098
539,Jenny Kelley,7/21/44,5014 Indianapolis,Worcester,1664,Massachusetts,620 668 9555
540,Alyvia Price,1/21/03,7378 14th,Baton Rouge,70366,Louisiana,813 122 4779
541,Johanna Livingston,4/25/35,2376 Evelyn,Long Beach,90793,California,779 393 4632
542,Mikaela Oneil,6/17/82,9503 Cornelia,Syracuse,13221,New York,442 895 1431
543,Jaycee Shepard,12/23/29,6062 Museum,Mobile,36671,Alabama,717 271 7733
544,Karma Herring,8/2/93,9038 Lake Shore,Louisville,40082,Kentucky,319 971 3657
545,Eliana Mayo,11/23/67,3257 Thomas,Fort Lauderdale,33509,Florida,731 587 6688
546,Charlie Ryan,3/21/99,287 Henke,Minneapolis,55038,Minnesota,918 816 4017
547,Addyson Patel,9/12/81,393 Churchill,Spokane,99229,Washington,318 570 3320
548,Mohammed Phillips,12/15/97,9028 Marble,Milwaukee,53675,Wisconsin,330 912 7084
549,Sky Suarez,10/28/65,6532 Museum Campus,Hialeah,33084,Florida,408 784 4082
550,Brody Read,11/11/63,1538 Panama,St. Petersburg,33743,Florida,229 843 0005
551,Eugene Whitney,8/12/03,2366 Everell,Akron,44394,Ohio,206 393 7869
552,Alejandro Neal,7/16/73,6686 Higgins,Virginia Beach,23491,Virginia,208 540 3744
553,Landyn Montoya,3/31/29,5454 Fairview,Virginia Beach,23581,Virginia,302 204 7668
554,Dallas Maxwell,10/23/07,1778 Bliss,Tacoma,98020,Washington,678 120 9512
555,Talon Reyes,9/16/21,6903 River Walk,Nashville,37016,Tennessee,603 569 7101
556,Layla Moon,7/4/91,2899 Bross,Milwaukee,53664,Wisconsin,215 852 3655
557,Zain Booth,3/22/80,4974 Dan Ryan I57,Syracuse,13261,New York,505 665 4795
558,Benjamin Johns,11/4/82,6862 Jasper,Evansville,47737,Indiana,213 438 5598
559,Giovani Horn,11/9/53,6691 Richland,Fontana,92336,California,202 192 8757
560,Anderson Cardenas,4/1/41,6952 Seipp,Long Beach,90780,California,651 858 3097
561,Katie Gilmore,11/18/67,9428 Bosak,Raleigh,27769,North Carolina,646 100 1995
562,Brenden Francis,1/16/95,9357 Eisenhower Canal,Columbus,31923,Georgia,650 292 2254
563,Kinley Oconnor,5/22/79,8985 34th,Birmingham,35070,Alabama,909 833 0120
564,Zander Nelson,11/16/71,4205 Kerbs,Buffalo,14215,New York,260 231 1639
565,Cain Kennedy,10/26/18,8276 Lsd Moe Dr,San Bernardino,92345,California,843 836 3052
566,Abbie Mcclure,5/28/53,4664 Maplewood,Richmond,23212,Virginia,217 722 8000
567,Alejandro Robertson,1/23/66,9677 Ross,Aurora,60567,Illinois,573 973 5375
568,Chaya Dale,12/14/24,5270 Anthony,Buffalo,14266,New York,939 535 3304
569,Rex Benton,4/20/04,6915 Groveland Park,Chattanooga,37919,Tennessee,432 202 5235
570,Jerome Hale,9/11/67,2766 North Shore,Arlington,76757,Texas,661 223 9745
571,Kaylyn Ford,10/18/22,9620 Kennedy Monroe St,Tulsa,74019,Oklahoma,956 316 0520
572,Devon Sampson,2/10/61,7063 Nelson,Joliet,60451,Illinois,541 632 3155
573,Kamron Riddle,5/12/89,1023 Tom,Albuquerque,87770,New Mexico,847 915 2001
574,Zoey Mcdonald,1/5/16,1788 Berenice,Newark,7126,New Jersey,919 664 4644
575,Haven Mccormick,3/23/64,1010 Goodman,Denver,80814,Colorado,425 324 3083
576,Theodore Hines,11/9/02,9098 Elmdale,Provo,84036,Utah,585 226 2818
577,Omar French,11/28/47,2446 Henry,Montpelier,5688,Vermont,419 226 8154
578,Braylen Daniel,2/26/08,9908 Oakwood,Tacoma,98000,Washington,270 176 7401
579,Junior Fisher,10/11/29,8327 Dan Ryan 18th St,Fort Collins,80580,Colorado,202 644 2470
580,Matias Lowe,8/22/10,4398 Kedzie,Plano,75964,Texas,681 443 0431
581,Ronnie Shepard,12/14/59,1143 Kennedy Washington Bl,Elizabeth,7226,New Jersey,970 440 6239
582,Natalie Ellis,8/23/07,9427 State,Greensboro,27407,North Carolina,310 152 6840
583,Maliah Kelley,3/5/14,9402 Hobbie,Joliet,60449,Illinois,410 726 5877
584,Avery Cash,12/17/99,7221 Lehmann,Greensboro,27440,North Carolina,810 980 1446
585,Alec Aguilar,3/28/50,4106 Point,Albuquerque,87498,New Mexico,714 183 6458
586,Steve Benjamin,6/29/21,7101 Ford,Tacoma,98061,Washington,254 795 2108
587,Ivanna Roach,7/23/14,5901 Lawndale,Oakland,94009,California,301 993 4533
588,Abril Stark,12/17/72,5841 Ob Northwest,Santa Ana,92608,California,779 174 0659
589,Skye Boyer,2/16/82,4170 Richmond,Corpus Christi,78600,Texas,318 850 8181
590,Nelson Mayer,4/9/85,8074 Washburne,Gainesville,32668,Florida,612 427 0081
591,Dayana Lee,8/23/08,7635 Allen,Stockton,95766,California,706 999 3582
592,Shaun Gay,1/27/09,5026 Dewitt,Denver,80180,Colorado,304 641 6424
593,Gael Wyatt,9/13/55,220 Marion,Springfield,65735,Missouri,501 189 0547
594,Ellis Wall,1/7/10,4579 Indian,Hartford,6182,Connecticut,712 979 5605
595,Paulina Wall,1/10/76,9267 Wolf,Chandler,85222,Arizona,410 519 3058
596,Sophie Miles,9/11/06,7949 Campbell Park,Augusta,30956,Georgia,917 658 7936
597,Raelyn Blackwell,7/9/02,8559 Front,Boston,2262,Massachusetts,215 520 7699
598,Jase Jarvis,12/5/90,728 Brainard,Birmingham,35076,Alabama,626 314 6845
599,Benson Clayton,7/7/76,427 Castleisland,Little Rock,72143,Arkansas,630 192 2387
600,Journee Kemp,1/27/80,7369 Madison,Nashville,37142,Tennessee,570 847 2905
601,Seamus Finley,10/3/67,6721 Columbus Sub,Santa Ana,92601,California,404 726 2989
602,Justice Hoover,10/28/78,5678 Oswego,Tallahassee,32318,Florida,862 818 8105
603,Kendall Preston,9/9/98,7346 40th,Hampton,23604,Virginia,217 489 4555
604,Reese Lindsay,10/13/76,5898 Dan Ryan Ib Canalport Av,Baton Rouge,70930,Louisiana,253 182 2350
605,Melody Lamb,9/14/45,2419 Eisenhower Laramie Av,San Antonio,78316,Texas,828 512 5144
606,Lana Gomez,5/13/49,3095 Troy,Corpus Christi,78980,Texas,878 891 1750
607,Jordynn Waller,8/6/47,4714 Nina,Syracuse,13204,New York,505 694 7581
608,Presley Norris,5/17/13,9874 Kennedy Augusta Bl,Arlington,76119,Texas,325 463 9360
609,Cody Manning,12/10/44,7192 20th,Surprise,85370,Arizona,718 638 3989
610,Damon Jennings,12/9/15,9883 Caldwell,Virginia Beach,23822,Virginia,920 415 1292
611,Libby Byers,10/31/79,7570 Burnham,Elizabeth,7262,New Jersey,951 498 7307
612,Amelie Richardson,8/2/98,6697 Burling,Long Beach,90772,California,938 745 4285
613,Kiara Fisher,6/23/91,3995 West Water,Louisville,40768,Kentucky,816 824 0602
614,Jade Barber,6/12/35,263 Seminole,Spokane,99260,Washington,769 602 7781
615,Jeremiah Oliver,5/1/04,5755 Jones,Thornton,80279,Colorado,706 625 7377
616,Trystan Patton,5/24/46,4174 Attrill,Syracuse,13262,New York,260 134 2780
617,Gunner Whitney,6/22/03,2620 Senour,Birmingham,35033,Alabama,941 539 1338
618,Kai Hayden,1/15/10,1055 Northcott,Las Vegas,89547,Nevada,802 522 6493
619,Christine Juarez,7/24/99,6685 Edward,St. Paul,55071,Minnesota,339 154 1782
620,Irene Pacheco,9/22/78,8655 Wolf,Gainesville,32632,Florida,540 634 5096
621,Kailee Cunningham,4/5/35,2342 Hurlbut,Baton Rouge,70273,Louisiana,470 920 1055
622,Jay Nixon,6/3/85,3331 68th,Scottsdale,85006,Arizona,352 620 9238
623,Adelynn Rodriguez,6/27/35,3668 Peshtigo,Boise City,83423,Idaho,308 740 5094
624,Colton Morris,1/15/43,5933 Haddock,Arlington,76269,Texas,212 911 5373
625,Isiah Vance,9/4/25,7148 Moorman,New Haven,6536,Connecticut,512 793 9407
626,Blair Salinas,6/9/03,9169 Eugenie,Wichita,67248,Kansas,617 462 2665
627,Cora Pacheco,1/21/44,862 89th,Bakersfield,93399,California,937 324 0315
628,Ayaan Roy,6/23/80,9559 Euclid,Alexandria,22276,Virginia,717 935 8152
629,Kaitlynn Villarreal,4/3/50,5353 Laramie,Greensboro,27461,North Carolina,310 791 0117
630,Samson Benton,7/11/91,1002 Congress,Fayetteville,72763,North Carolina,847 114 6128
631,Hayleigh Coleman,11/10/51,7762 Eggleston,Joliet,60456,Illinois,469 875 1470
632,Trystan Johnson,8/13/52,4109 Fremont,Surprise,85398,Arizona,931 581 9487
633,Kellen Harding,1/1/09,9947 Moselle,Syracuse,13280,New York,847 158 9320
634,Lucas Jensen,8/7/79,8143 Aberdeen,Cincinnati,45274,Ohio,309 446 7649
635,Macy Shields,7/23/58,1506 Bowmanville,El Paso,79561,Texas,603 707 7269
636,Remington Hurst,9/3/53,2737 Ohare Airport,Sioux Falls,57089,South Dakota,386 956 7200
637,Arely Macdonald,8/14/01,6752 96th,Las Vegas,89247,Nevada,734 306 6605
638,Janet Patrick,3/30/28,1534 Deming,Henderson,89050,Nevada,217 391 7330
639,Ruben Odom,3/1/79,5147 Beverly Glen,Sterling Heights,48312,Michigan,202 825 8517
640,Hazel Burnett,12/13/14,2158 120th,San Francisco,94914,California,858 976 9394
641,James Bean,1/3/01,7529 Kilbourn,Fresno,93114,California,765 751 5829
642,Jovanni Morales,3/19/20,6338 Cityfront Plaza,Colorado Springs,80527,Colorado,757 107 5325
643,Kyson Mendoza,9/10/19,9810 Albion,Savannah,31371,Georgia,586 113 1216
644,Johnny Washington,7/23/46,9954 Dr Martin Luther King Jr,Fontana,92324,California,585 568 8147
645,Maeve Downs,12/5/15,3480 Sauganash,San Diego,92336,California,407 856 8790
646,Rylie Solomon,12/16/47,2997 Schick,Newark,7144,New Jersey,618 632 9715
647,Emely Roach,9/29/43,2869 Albany,Winston-salem,27173,North Carolina,951 534 5587
648,Aylin Hansen,3/2/07,4838 Michigan,Cincinnati,45293,Ohio,870 519 7611
649,Marie Snider,4/12/28,9443 Hutchinson,Hampton,23631,Virginia,719 399 6318
650,Layton Greer,1/25/49,3559 Lucerne,Jersey City,7776,New Jersey,602 353 6000
651,Kolton Richard,4/29/67,8103 Lester,New Orleans,70876,Louisiana,312 842 4794
652,Elian Knowles,10/18/05,4429 127th,Columbus,43888,Ohio,321 756 9719
653,Jocelynn Marks,4/26/29,9048 Wayne,Shreveport,71126,Louisiana,309 151 3675
654,Jessica Travis,5/14/10,6080 50th,Columbus,31978,Georgia,939 849 1878
655,Gregory Haynes,5/3/27,3239 Kingsdale,Irving,75027,Texas,407 205 0243
656,Jaden Key,11/10/86,9100 Dan Ryan 76th St,Chula Vista,91907,California,573 606 9055
657,Ryland Dickson,7/7/64,1535 Dan Ryan 59th St,Mobile,36699,Alabama,831 974 5664
658,Seamus Nash,3/28/42,2743 Dan Ryan Ob Stevenson Ob,Allentown,18114,Pennsylvania,404 124 9278
659,Diego Sanchez,9/5/03,8282 Wabash Lower,Lubbock,79771,Texas,573 863 3550
660,Gaige Chavez,10/29/99,919 Jessie,Lakewood,80250,Colorado,715 146 2383
661,Heath Vasquez,8/5/47,5083 Haul,Winston-salem,27182,North Carolina,818 113 0977
662,Dustin Stephenson,7/23/94,5135 Dan Ryan Local,San Bernardino,92309,California,317 377 3610
663,Adalyn Pate,2/20/87,1730 130th,Fayetteville,72780,North Carolina,435 688 6743
664,Aiyana Walls,9/21/13,6841 Mcdowell,Las Vegas,89928,Nevada,434 699 1835
665,Aidyn Ross,12/9/34,9389 Eisenhower Taylor St,Tucson,85628,Arizona,603 893 1933
666,Sierra Anthony,2/4/99,1067 Fletcher,Lakewood,80221,Colorado,407 620 8484
667,Blaze Oliver,10/30/49,2339 Cortland,Arlington,76510,Texas,517 307 7121
668,William Wright,2/4/43,3826 Houston,Joliet,60492,Illinois,910 472 8407
669,Francisco Carson,1/3/12,4173 Roscoe,Modesto,95395,California,910 587 7471
670,Joyce Doyle,1/29/61,987 Ruble,Fayetteville,72732,North Carolina,762 207 9130
671,Bo Barlow,11/5/96,5382 Muskegon,St. Petersburg,33796,Florida,989 589 2702
672,Lathan Brewer,4/2/24,5532 Stetson Lower,Manchester,3109,New Hampshire,919 575 1029
673,Rogelio Stevens,8/8/61,183 Wilson,New Haven,6525,Connecticut,615 352 8670
674,Gary Webb,11/22/14,1899 Legett,Montgomery,36126,Alabama,478 538 0058
675,Laylah Pearson,6/17/85,1028 Ritchie,Yonkers,10789,New York,458 957 8338
676,Chelsea Tanner,12/22/99,2230 Oneida,Stockton,95128,California,716 460 1725
677,Addison Lee,9/18/08,5682 20th,Detroit,48253,Michigan,207 143 3079
678,Aaliyah Stein,8/30/66,1150 Avalon,Knoxville,37416,Tennessee,304 517 8681
679,Ashton Meadows,1/2/62,554 Lehigh,Charlotte,28140,North Carolina,787 426 6284
680,Lathan Oneil,1/11/29,8483 Packers,Warren,48025,Michigan,337 293 4801
681,Devan Dickerson,2/25/10,5924 Nagle,Tucson,85364,Arizona,931 182 9595
682,Ainsley Velazquez,2/6/69,2003 Stevenson Dan Ryan Ib,Springfield,1107,Massachusetts,414 639 9859
683,Gwendolyn Hansen,8/11/21,5384 Chicago River,Paterson,7521,New Jersey,267 604 7971
684,Mina Phillips,10/19/46,9066 Wacker Lower,St. Louis,63099,Missouri,603 522 8530
685,Malik Dejesus,2/7/07,3661 Fulton,Chattanooga,37933,Tennessee,929 334 4869
686,Brisa Christian,4/6/18,773 Manistee,Oxnard,93080,California,762 386 9649
687,Zara Drake,2/9/53,3625 Beacon,Chicago,60922,Illinois,319 827 8117
688,Valeria Dalton,8/21/58,8223 Chicago Skyway Stony Island Av,Anchorage,99245,Alaska,775 463 3749
689,Mckayla Ramos,3/23/87,8560 Waterside,Clarksville,37001,Tennessee,443 556 6067
690,Taylor Cooke,9/23/70,6235 Neenah,Louisville,40945,Kentucky,502 791 8610
691,Ari Obrien,11/24/39,1114 Woodward,Fort Collins,80573,Colorado,857 598 4552
692,Ezra Rutledge,3/9/92,5031 Southspine,Stockton,95898,California,803 934 8352
693,Nylah Rogers,8/11/98,1565 I55 Cicero Av,Knoxville,37622,Tennessee,475 109 2396
694,Kiera Shelton,1/2/21,2593 Cta Bus,Kansas City,66180,Missouri,608 941 3856
695,Connor Graham,8/21/99,615 Bensley,El Paso,79831,Texas,610 755 4018
696,Mary Mitchell,2/4/56,9089 Burton,Lexington,405457,Kentucky,832 203 5355
697,Ezequiel Manning,11/16/16,5911 Riverdale,Long Beach,90702,California,870 523 9528
698,Hank Richardson,6/11/29,1258 Bishop Ford 130th St,Lexington,405339,Kentucky,862 784 4847
699,Pamela Hopper,2/5/27,8903 Clover,Shreveport,71107,Louisiana,925 759 0472
700,Luis Dominguez,1/11/36,234 Ob Northwest,Aurora,80039,Colorado,570 704 8258
701,Mohamed Melton,8/9/47,7573 Montana,Tacoma,98076,Washington,681 622 7777
702,Kaliyah Gilbert,2/18/91,6937 Dan Ryan Ib Franklin Ext,Murfreesboro,37155,Tennessee,631 353 0147
703,Nehemiah Shelton,9/26/63,4841 Avenue N,Tempe,85057,Arizona,443 148 7285
704,Barrett Landry,4/23/10,9998 I57,Oakland,94029,California,443 849 7845
705,Tinley Dyer,2/26/72,411 Gullikson,Cincinnati,45267,Ohio,617 298 0014
706,Amelie Phillips,7/23/71,4946 Wabansia,Aurora,80019,Colorado,760 298 8585
707,Amani Lambert,7/4/07,4072 Cta 95th St,Boise City,83926,Idaho,218 145 4813
708,Skylar Holt,5/31/62,5050 Lake Park,Nashville,37770,Tennessee,760 202 4387
709,Ivanna Berry,5/2/71,5676 Eisenhower Western Av,Louisville,40171,Kentucky,320 960 1753
710,Moises Mcpherson,9/29/35,1549 Reilly,Glendale,85080,Arizona,360 185 3181
711,Dorian Harrison,5/28/36,5682 132nd,Independence,64041,Missouri,413 195 9321
712,Andres Rose,11/14/56,8164 Stevenson Expy,Fort Lauderdale,33036,Florida,657 513 2101
713,Kimber Yates,3/2/41,9700 Everell,Hollywood,33044,Florida,682 474 2209
714,Ricky Mccarty,12/18/93,197 Rosehill,Tulsa,74458,Oklahoma,954 677 9515
715,Temperance Barr,6/29/56,531 Hoyt,Columbia,29027,South Carolina,347 675 9263
716,Amirah Marshall,6/11/91,6953 Beacon,Hampton,23666,Virginia,802 276 2420
717,Evelyn Russo,3/17/91,8002 Kennedy Damen Av,Topeka,66614,Kansas,215 663 9761
718,Elliot Carter,7/21/02,8135 Dan Ryan 71st St,Fontana,92378,California,313 510 4230
719,Hezekiah Carrillo,2/11/23,1205 Kingsdale,Columbus,31997,Georgia,618 763 8686
720,Dante Mills,6/2/77,356 Wacker Lower,Grand Rapids,49554,Michigan,949 376 7015
721,Zayden Fowler,7/19/37,6230 Cortez,Portland,97983,Oregon,402 946 4099
722,Angie Hernandez,11/3/63,3009 Pavilion Plaza,Tallahassee,32339,Florida,757 605 2242
723,Jaydin Juarez,8/13/13,4980 Sacramento,Aurora,80041,Colorado,413 451 5215
724,Carly Bowman,7/8/69,1683 Bishop Ford I57,San Francisco,94277,California,702 185 2459
725,Walker Decker,3/2/56,7679 Belle Plaine,Lansing,48845,Michigan,563 553 6445
726,Lexie Bruce,8/4/03,9004 Henke,Baltimore,21491,Maryland,936 368 4245
727,Damien Mcmahon,10/7/68,5399 Langley,Charlotte,28435,North Carolina,219 359 7961
728,Charley Goff,11/11/12,4188 Garfield Square,Cleveland,44169,Ohio,972 170 4717
729,Luis Schwartz,9/3/14,7973 Charleston,Henderson,89031,Nevada,615 476 3227
730,Douglas Sargent,3/6/93,5707 Kennedy Ontario St Nb,Sacramento,95601,California,724 524 9565
731,Diamond Murray,11/26/87,950 Stevenson Ob Dan Ryan,Chicago,60320,Illinois,862 307 1220
732,Hattie Caldwell,7/19/05,8787 Chicago Skyway Turnaround,Newark,7150,New Jersey,651 107 0728
733,Amina York,4/1/93,7192 Avondale,Tampa,33588,Florida,352 337 0213
734,Caitlin Garner,12/31/30,8711 95th,Tucson,85281,Arizona,347 553 8164
735,Ainsley Reed,4/16/10,3621 Dan Ryan 35th St,Evansville,47755,Indiana,978 201 3546
736,Kate Johnston,11/13/00,2537 Ridgeway,Moreno Valley,92574,California,904 688 5903
737,Seth Bright,9/26/66,2386 Eugenie,Rochester,14650,New York,734 704 4975
738,Cecilia Donaldson,2/29/04,9919 Chicago Skyway 73rd St,Atlanta,30581,Georgia,336 634 5536
739,Amya Compton,1/1/52,195 54th,San Jose,95942,California,470 500 9370
740,Liliana Harper,9/26/86,8482 Kemper,Peoria,61503,Illinois,305 226 2182
741,River Singleton,3/9/05,4397 Marion,Sterling Heights,48317,Michigan,434 833 9830
742,Sidney Park,7/16/98,1430 Kennedy Ontario St,Fort Worth,76602,Texas,713 441 6833
743,Zachery Atkins,2/27/91,1032 Eastlake,Moreno Valley,92524,California,831 530 1422
744,Damion Hansen,3/27/96,1619 Martin,Fort Wayne,46603,Indiana,952 709 3258
745,Stella Lester,12/7/56,4253 Dante,Aurora,60504,Illinois,541 102 1990
746,Alfred Vinson,9/23/18,4331 Upperlevelt1,Tacoma,98094,Washington,469 958 4881
747,Keyon Evans,12/4/77,3676 Calumet,Olathe,66089,Kansas,860 931 1874
748,Kristian Harrington,11/27/18,6357 Farragut,Hartford,6110,Connecticut,603 222 2855
749,Lilah Hickman,1/4/35,1979 Paris,Naperville,60407,Illinois,510 349 0962
750,Lucia Frazier,7/8/24,2832 Gale,Baltimore,21226,Maryland,939 494 4623
751,Elias Richardson,10/23/57,4566 Eisenhower Ob Kennedy Ob,Henderson,89055,Nevada,906 263 9609
752,Rose James,7/2/11,8953 Promontory,Fort Lauderdale,33991,Florida,516 984 2473
753,Vanessa Melton,12/14/20,6313 Coyle,Chesapeake,23331,Virginia,815 352 1147
754,Marlee Burris,10/21/54,5608 26th,Sterling Heights,48318,Michigan,813 370 9581
755,Sage Castillo,2/12/80,5338 Greenview,Montpelier,5665,Vermont,539 152 7498
756,Isabelle Vega,6/23/76,1688 Manistee,Buffalo,14268,New York,254 186 9871
757,Quinton Nunez,3/2/63,5430 Johnson,Cincinnati,45292,Ohio,425 926 2973
758,Carleigh Case,11/6/42,4946 Kenmore,Orlando,32820,Florida,860 868 7902
759,Jessie Lane,3/20/05,7422 Stevenson Franklin St,Allentown,18167,Pennsylvania,414 157 6983
760,Dorothy Barker,9/14/67,1104 Ridge,West Valley City,84088,Utah,703 981 6182
761,Joyce Fulton,3/15/13,9501 La Salle Dr,Colorado Springs,80740,Colorado,818 277 8412
762,Devon Owens,11/25/39,9587 Financial,Savannah,31307,Georgia,301 413 9076
763,Braelyn Mcfarland,7/13/49,9010 Columbus Lower,Tulsa,74531,Oklahoma,320 800 5787
764,Nasir Perkins,11/15/85,3295 Garfield,Scottsdale,85056,Arizona,801 611 4877
765,Hope Stewart,4/15/04,6351 Kensington,Cary,27512,North Carolina,732 814 5767
766,Allan Miles,4/4/65,1177 Palmer,Oakland,94090,California,563 907 9134
767,Garrett Vaughan,7/6/37,7880 Loris,San Antonio,78669,Texas,704 881 6124
768,Emily Daniels,12/16/73,9658 Menomonee,Stamford,6990,Connecticut,910 398 9225
769,Vera James,7/2/95,7346 Drew,Long Beach,90725,California,615 812 4661
770,Amelia Heath,4/14/99,7932 Nordica,Tallahassee,32364,Florida,830 286 2681
771,Valeria Joyce,9/11/11,2278 Justine,Oakland,94882,California,610 122 2533
772,Dalton Hall,9/17/97,4538 Dauphin,Tacoma,98048,Washington,857 392 8811
773,Zaire Flores,7/3/47,3870 35th,Lincoln,68880,Nebraska,971 227 3287
774,Sidney Cote,1/26/09,8418 Richland,Richmond,23228,Virginia,513 646 4160
775,Kailee Carpenter,3/7/99,7728 Haussen,Shreveport,71156,Louisiana,769 228 5924
776,Stanley Pena,10/2/72,752 Lawler,Cary,27518,North Carolina,857 492 4897
777,Jaylon Collins,11/26/15,3894 Warwick,Cleveland,44822,Ohio,815 231 0401
778,Karson Perez,7/27/26,7223 Moody,Murfreesboro,37108,Tennessee,626 782 3572
779,Nikolas Campbell,2/21/76,8495 59th,Peoria,85382,Arizona,409 332 8406
780,Tessa Bradshaw,9/23/14,7989 Hyacinth,Jackson,49231,Mississippi,513 517 0865
781,Ibrahim Avery,1/1/50,2768 Nora,Virginia Beach,23507,Virginia,318 363 9350
782,Charlee Gardner,10/20/76,3691 Kimball,Anaheim,92849,California,818 417 7715
783,Jaylee Donaldson,11/29/97,7904 Keota,Elizabeth,7267,New Jersey,262 321 1345
784,Camilla Camacho,9/13/67,2170 Hollywood,Modesto,95354,California,410 127 3629
785,Callen Nielsen,4/15/48,4812 Roscoe,Charleston,29405,South Carolina,417 853 8091
786,Braydon Romero,8/6/12,5824 Justine,Des Moines,50393,Iowa,419 568 0225
787,Leonard Russo,8/27/00,280 Thomas Barclay,Glendale,85057,Arizona,918 337 7136
788,Giana Bowman,2/5/31,961 Mccook,Peoria,85316,Arizona,541 167 6994
789,Nevaeh Valentine,3/16/89,3513 Stevenson,Louisville,40921,Kentucky,727 926 1917
790,Lexi Gilbert,1/22/68,5566 Lambert,Kent,98037,Washington,712 476 6627
791,Easton Mcguire,5/7/09,5931 Jeffery,Cedar Rapids,52227,Iowa,414 808 1255
792,Janelle Cooke,8/16/81,3670 Roslyn,Miami,33295,Florida,779 600 5453
793,Edward Parks,1/7/06,7767 Kolmar,Glendale,85010,Arizona,773 249 3091
794,Julie Brooks,3/14/41,7968 Cottage Grove,Kansas City,66121,Missouri,862 909 3504
795,Blaze Bonner,10/29/92,9507 Riverdale,Garland,75966,Texas,765 481 3749
796,Nora Simpson,12/15/56,4327 Kennedy Addison St,Fort Lauderdale,33349,Florida,918 638 7947
797,Mariano House,4/25/50,5248 Gregory,Montgomery,36129,Alabama,631 478 0822
798,Rivka Workman,3/15/03,4325 Kennedy Randolph St,Ann Arbor,48145,Michigan,641 938 8152
799,Maximiliano Hendricks,5/13/97,3929 Stony Island Ext,Peoria,85365,Arizona,361 158 6695
800,Sergio Livingston,5/31/91,5568 Marmora,Gainesville,32690,Florida,915 943 9763
801,Kaeden Hull,5/19/65,8590 Strong,Chattanooga,37698,Tennessee,513 411 6403
802,Jack Ewing,4/8/15,1801 Lacey,Providence,2872,Rhode Island,551 367 1401
803,Oscar Conley,5/29/40,5812 Avenue H,Norfolk,23578,Virginia,315 319 5087
804,Sasha Middleton,7/31/87,7399 Bowen,Kansas City,66488,Missouri,405 991 0497
805,Briana Hoffman,5/21/42,1310 Manton,Madison,53278,Wisconsin,971 632 4358
806,Triston Deleon,7/24/20,9805 Bosworth,Bellevue,98001,Washington,409 252 8200
807,Aubrie Rhodes,1/15/29,820 Junior,Chicago,60297,Illinois,507 160 0632
808,Dean Barrera,10/12/07,70 Bell,Miami,33767,Florida,931 570 8090
809,Elian Love,9/24/81,6551 Stevenson Ib Dan Ryan Ib,Hartford,6151,Connecticut,754 768 7901
810,Davion Moss,11/20/26,2308 Miami,San Bernardino,92313,California,517 979 9374
811,Lillianna Tate,2/15/93,6147 Kennedy Harlem Av,Modesto,95344,California,916 122 9841
812,Mohamed Everett,8/25/41,5568 50th,Long Beach,90772,California,806 973 6084
813,Moses Horn,4/11/83,4300 Wolfram,Virginia Beach,23269,Virginia,808 577 9037
814,Campbell Griffith,9/23/19,5966 Melrose,Virginia Beach,23698,Virginia,404 514 3237
815,Anastasia Salazar,5/10/26,4520 Vernon,Warren,48070,Michigan,215 136 9951
816,Bruce Villarreal,5/8/56,5873 Ob Northwest,Little Rock,72192,Arkansas,360 619 0813
817,Malachi Mckay,7/10/41,5461 Campus,Washington,20216,District Of Columbia,215 877 8021
818,Bryce Everett,12/26/66,2180 Baldwin,Hartford,6130,Connecticut,409 324 6382
819,Kennedi May,9/30/51,6950 11th,Houston,70761,Texas,671 558 1436
820,Peyton Rodgers,1/16/72,4833 Administration,Charlotte,28647,North Carolina,786 268 0132
821,Jamal Hatfield,1/24/14,5467 Bay,Eugene,97439,Oregon,314 643 6818
822,Paola Mills,10/10/44,4033 Dan Ryan Wentworth Av,Fort Lauderdale,33461,Florida,304 640 6935
823,Kason Moses,4/26/02,8236 Charles,Paterson,7574,New Jersey,920 331 7150
824,Gilberto Hoffman,9/24/17,5187 Ohio,Lakewood,80293,Colorado,928 994 1597
825,Wyatt Bernard,7/7/53,3501 Eisenhower Damen Av,Tampa,33532,Florida,910 945 4770
826,Derek Horton,1/6/35,1933 Forest Preserve,San Bernardino,92318,California,406 643 1396
827,Legend Kennedy,1/25/37,7952 Leamington,Stockton,95129,California,760 597 0449
828,Mason Larsen,8/21/43,9786 Edens Ob,Hollywood,33092,Florida,475 148 0063
829,Evelyn Rosa,4/4/09,5541 Illinois Lower,Lubbock,79278,Texas,551 132 4960
830,Kamari Clarke,7/20/88,9139 Allen,Hampton,23672,Virginia,321 535 6676
831,Chloe Savage,7/30/13,5880 Talcott,Overland Park,66272,Kansas,812 834 2018
832,Sage Parker,9/28/05,7099 Ford City,Tacoma,98005,Washington,347 862 6527
833,Daniella Walker,8/25/50,4714 Kennedy Pulaski Rd,Knoxville,37534,Tennessee,636 300 3834
834,Ryan Cline,10/24/53,3357 Kenosha,Provo,84064,Utah,804 371 1738
835,Nataly Irwin,11/15/04,734 Nixon,Eugene,97434,Oregon,814 830 8018
836,Hannah Hall,10/18/14,3088 Jarvis,Miami,33609,Florida,347 858 9028
837,Kelsey Burton,9/17/08,7897 Jourdan,Plano,75927,Texas,347 782 9071
838,Finn Burgess,3/14/05,6944 Fairbanks,Fort Collins,80531,Colorado,910 471 5328
839,Jakob Dawson,5/5/82,2419 Lsd Grand Av,Norfolk,23521,Virginia,561 349 4021
840,Kaia Byrd,2/9/50,1356 Marmora,Providence,2805,Rhode Island,509 496 3610
841,Asia Jackson,8/21/34,6927 Cheltenham,Charlotte,28358,North Carolina,209 682 7010
842,Reagan Ramos,3/11/44,9136 Lehigh,Charleston,29401,South Carolina,806 309 7017
843,Khloe West,11/2/20,5117 Beaubien,Cary,27515,North Carolina,213 825 2951
844,Angela Reese,3/19/99,3454 Otsego,New York,10895,New York,618 466 9602
845,Jalen Everett,12/19/88,748 Emerald,Springfield,65724,Missouri,205 741 7338
846,Killian Massey,8/30/62,9928 Division,Cary,27511,North Carolina,228 261 2218
847,Natalee Byrd,6/6/79,5382 Mccook,Sacramento,95111,California,818 576 6550
848,Leila Leach,12/22/66,8521 Noble,Kansas City,66712,Missouri,769 135 9761
849,Mark Mccullough,3/3/26,3406 Moorman,Salem,97358,Oregon,539 811 6321
850,Deshawn Rodriguez,1/19/48,2124 Schick,Chula Vista,91996,California,475 477 6346
851,Skyler Sexton,7/26/30,1336 Jerome,Tacoma,98022,Washington,754 453 7323
852,Wesley Pugh,12/2/25,2063 59th,Tampa,33864,Florida,302 487 9701
853,King Morales,4/19/74,6005 Charleston,Bridgeport,6627,Connecticut,570 749 3970
854,Madilynn Beard,5/7/49,9117 Overhill,Savannah,31364,Georgia,442 336 8539
855,Lincoln Strickland,7/23/90,6931 105th,St. Louis,63748,Missouri,208 141 4515
856,Ryan Hayes,2/7/28,9375 87th,Cary,27512,North Carolina,559 137 8007
857,Damari Luna,3/5/51,4595 Odell,Chesapeake,23312,Virginia,503 449 9458
858,Angeline Brewer,11/24/52,3283 Mcleod,Richmond,23287,Virginia,763 830 3130
859,Amaya Stout,11/17/33,3560 Cortez,Colorado Springs,80796,Colorado,340 633 1695
860,Charleigh Delgado,7/12/10,5771 Stevenson Ib Lsd Sb,St. Paul,55027,Minnesota,757 834 6914
861,Jagger Conner,11/6/34,1464 Lake Shore Dr Ramp,Springfield,65781,Missouri,972 449 8957
862,Neil Buckner,7/19/73,3639 Harbor,Charlotte,28957,North Carolina,901 288 0529
863,Lewis Ewing,12/5/03,545 Franklin,Evansville,47713,Indiana,812 796 1578
864,Makenzie Phillips,9/29/85,4871 Berenice,Moreno Valley,92586,California,684 655 4469
865,Corinne Knapp,2/24/03,8791 134th,Honolulu,96195,Hawaii,938 812 3399
866,Isai Norris,12/3/38,2096 Wells,Arlington,76125,Texas,219 518 8124
867,Cristopher Sharpe,11/23/04,1382 Indianapolis,Arlington,76026,Texas,872 328 2263
868,Emilee Odom,12/31/48,3930 Maryland,Aurora,80065,Colorado,276 189 2743
869,Cameron Mcpherson,2/8/22,3336 Addison,Colorado Springs,80804,Colorado,419 382 6131
870,Lilah Payne,9/9/76,8825 Bishop Ford 115th St,Detroit,48825,Michigan,347 853 1339
871,Landry Strickland,12/19/82,7840 South Water Market,Fort Collins,80581,Colorado,864 329 2468
872,Aubri Guerrero,9/6/44,2562 Throop,Amarillo,79116,Texas,409 274 8239
873,Howard Skinner,6/30/86,1776 Roslyn,Fayetteville,72706,North Carolina,678 261 7550
874,Dane Thomas,2/7/07,6398 Christiana,Cleveland,44303,Ohio,443 258 2207
875,Warren Frost,3/1/90,8640 Cyril,Tacoma,98001,Washington,415 890 8281
876,Leighton Mccormick,9/1/53,6105 Magnet,Long Beach,90769,California,860 960 5439
877,Athena Navarro,9/1/30,1886 Randolph Lsd,Milwaukee,53531,Wisconsin,938 878 6020
878,Kasen Shaffer,9/12/07,385 Givins,New York,10583,New York,872 962 5490
879,Allen Cotton,6/18/48,262 Muskegon,Tacoma,98022,Washington,561 890 5642
880,Jonah Caldwell,4/5/17,8158 Leavenworth,Detroit,48883,Michigan,786 269 0813
881,Esmeralda Glass,11/22/91,6522 Calumet,Corpus Christi,78331,Texas,971 966 9515
882,Lawson Rosa,9/29/01,6930 Merrion,Thornton,80224,Colorado,301 259 1267
883,Harley Lamb,3/29/94,4634 Hermosa,St. Petersburg,33700,Florida,413 533 6400
884,Callan Sears,4/9/24,3066 Hermitage,Cary,27511,North Carolina,404 911 6468
885,Ean Bernard,6/12/53,8025 Point,Oakland,94956,California,351 152 6044
886,Kamille Robles,11/5/96,9720 Dover,Augusta,30925,Georgia,541 520 1771
887,Brock Stark,6/28/53,3681 Miltimore,Los Angeles,90840,California,313 931 8041
888,Kasey Gardner,12/9/30,6940 Dan Ryan 47th St,Buffalo,14221,New York,772 323 9541
889,Bryson Hopkins,10/15/26,5364 Stevens,Manchester,3109,New Hampshire,681 277 0089
890,Amelie Wolf,7/11/84,7268 Legett,Thornton,80269,Colorado,573 833 0772
891,Ali Pollard,3/18/03,7891 Lemont,San Diego,92083,California,740 508 5363
892,Ethen Bradshaw,5/22/55,5437 St Lawrence,Montpelier,5648,Vermont,630 810 4109
893,Ezequiel Walsh,2/13/80,4840 Mohawk,Durham,27392,North Carolina,480 284 5180
894,Daniel Mayer,1/4/67,7878 Nixon,Yonkers,10772,New York,417 101 0970
895,Haylee Lynn,10/31/63,4680 Mcauley,Atlanta,30853,Georgia,956 455 5349
896,Madelyn Russell,2/12/08,8142 Rosehill,Independence,64035,Missouri,325 730 5072
897,Xavi Espinoza,10/24/05,8468 Kirby,Fort Lauderdale,33518,Florida,848 399 3701
898,Xzavier Oneal,8/19/64,5333 Mobile,Nashville,37059,Tennessee,605 541 0175
899,Kyndal Matthews,7/13/77,4975 Wilcox,Peoria,61552,Illinois,830 306 5717
900,Miya Ford,9/20/20,6857 Sunnyside,Houston,70678,Texas,267 276 4570
901,Channing Cortez,12/22/63,3545 Caton,Nashville,37900,Tennessee,856 424 4934
902,Fernanda Figueroa,12/31/96,7066 Gullikson,Omaha,68432,Nebraska,212 390 5478
903,Raymond Mills,12/20/04,9141 Eisenhower Wacker Dr,El Paso,79421,Texas,402 758 3561
904,Ryker Hodge,11/12/97,8255 32nd,Amarillo,79199,Texas,567 342 9398
905,Ryleigh Spencer,4/14/95,3227 80th,Little Rock,72166,Arkansas,973 241 8474
906,Rowan Pace,2/8/09,2332 99th,Fresno,93376,California,708 833 1926
907,Karina Padilla,4/4/05,3517 Howard,Chandler,85204,Arizona,308 823 1812
908,Adrian Head,4/23/11,1503 Avenue E,Rockford,61189,Illinois,603 276 7178
909,Ariel Barr,8/7/08,9335 Carondolet,Tallahassee,32336,Florida,614 762 4271
910,Rylan Pratt,5/31/66,4816 Brennan,Albuquerque,87053,New Mexico,231 300 9501
911,Maia Hodges,7/3/06,4915 Lexington,San Jose,95409,California,404 120 5450
912,Luna Hamilton,1/18/59,6508 Elk Grove,Huntsville,35840,Alabama,734 696 5441
913,Nasir Pearson,10/13/73,3606 Montrose Harbor,Warren,48086,Michigan,310 922 4533
914,Kinsey Boyer,2/21/03,5801 Austin Av Jfk,Irving,75027,Texas,671 120 6962
915,Pierre Gould,7/6/12,8318 Chicago,Toledo,43272,Ohio,573 946 4657
916,Paisley Gregory,12/2/30,5236 Bishop Ford 115th St,Norfolk,23519,Virginia,941 130 2169
917,Skylar Ferguson,3/31/60,3300 Schilling,Birmingham,35076,Alabama,779 792 8140
918,Josie Clark,8/14/23,7505 Manila,Sacramento,95776,California,539 583 5390
919,Lilianna Randall,4/5/09,6573 Wacker Sub,Fort Collins,80553,Colorado,651 315 6007
920,Tyrese Wall,8/2/29,4603 Charles,Fort Wayne,46894,Indiana,661 342 6880
921,Mila Snow,4/17/68,2756 Dan Ryan 83rd St,Orlando,32828,Florida,361 689 3154
922,Ramon Walsh,10/27/03,7773 Ainslie,Oakland,94949,California,951 974 0020
923,Stefan Reilly,4/7/04,3570 Mannheim,Norman,73078,Oklahoma,520 161 6072
924,Aidyn Thornton,12/13/26,6493 Steuben,Louisville,40988,Kentucky,919 754 7404
925,Damon Bush,3/29/15,3065 Dewitt,St. Paul,55009,Minnesota,224 709 9519
926,Kynlee Snyder,4/22/91,1385 Ellsworth,Alexandria,22266,Virginia,314 254 5867
927,Ishaan Hoffman,3/6/05,8492 Stevens,Topeka,66658,Kansas,314 408 6534
928,Amber Dyer,1/28/07,448 Oriole,Bridgeport,6693,Connecticut,504 918 6847
929,Rylan Montgomery,7/7/54,5832 Argyle,Tulsa,74176,Oklahoma,703 625 4820
930,Dawson Melendez,11/25/38,7938 Richmond,Chattanooga,37691,Tennessee,320 178 6778
931,Devin Casey,7/21/69,7117 Lawrence Wilson,Thornton,80200,Colorado,301 420 1924
932,Diya Jimenez,8/12/31,8810 Ashland,Newark,7191,New Jersey,251 467 3161
933,Brinley Stout,6/20/99,7225 44th,Modesto,95397,California,952 651 0526
934,Ignacio English,4/19/40,8398 Stockton,Mobile,36667,Alabama,718 477 3794
935,Griffin Burns,1/26/18,346 Felton,Bakersfield,93146,California,229 998 2842
936,Diego Stevenson,7/17/53,593 Chicago Skyway Stony Island Av,Madison,53860,Wisconsin,832 815 8297
937,Ariel Conway,6/15/56,4214 Castlewood,Newark,7152,New Jersey,831 140 4179
938,Layne Case,9/20/32,6915 Armitage,Henderson,89054,Nevada,804 332 2625
939,Luciano Hawkins,10/28/46,7481 Lsd Michigan Avenue,Minneapolis,55098,Minnesota,585 150 6199
940,Olive Hawkins,6/7/26,6449 Eisenhower Cicero Av,Des Moines,50303,Iowa,419 264 3154
941,Alannah Ware,2/20/04,723 98th,St. Petersburg,33769,Florida,901 483 1890
942,Noemi Dalton,11/18/69,7668 Memory,Newark,7176,New Jersey,201 296 2644
943,Rodrigo Lindsey,7/24/51,390 Kennedy Ogden Av,Riverside,92502,California,909 761 9591
944,Taylor Allen,6/14/67,4025 Pioneer,Grand Rapids,49546,Michigan,302 909 2591
945,Kaiden King,10/5/02,4507 26th,Orlando,32837,Florida,717 826 3173
946,Van Sykes,5/29/38,3977 137th,Pittsburgh,15263,Pennsylvania,479 968 6888
947,Aryana Burnett,8/30/15,7998 Henry,Ann Arbor,48152,Michigan,704 315 5042
948,Allen Pugh,6/13/20,3374 Mcfetridge,Tallahassee,32355,Florida,804 966 4833
949,Rodney Jennings,8/8/20,32 Arch,Garland,75470,Texas,318 690 1718
950,Skye Lynn,9/21/06,4207 Dan Ryan Express Franklin,Kent,98026,Washington,909 749 1835
951,Reese Mcguire,9/19/31,4545 19th,Kent,98008,Washington,224 468 7909
952,Madalyn English,12/7/43,9629 Waldron,Kansas City,66954,Missouri,571 649 6734
953,Abbey Whitney,2/4/01,979 Watkins,Glendale,85062,Arizona,334 601 4230
954,Charles Ayers,1/6/80,3217 Dan Ryan 39th St,Huntsville,35818,Alabama,973 906 8499
955,Lucian Meadows,2/3/84,4206 Glenwood,Olathe,66075,Kansas,775 530 5590
956,Yaretzi Gaines,8/1/08,1371 Greenleaf,Hartford,6127,Connecticut,424 733 6201
957,Sariah Dominguez,2/16/66,641 Leavitt,Syracuse,13226,New York,617 673 8410
958,Hanna Stanton,6/23/45,6907 Moffat,Naperville,60475,Illinois,719 640 6837
959,Hank Harmon,9/14/13,9062 Lundy,Atlanta,30229,Georgia,321 210 2849
960,Catherine Sutton,3/4/93,5624 Mann,Oakland,94651,California,559 353 8910
961,Scott Lloyd,6/30/03,2940 Argyle,Stamford,6978,Connecticut,415 274 2561
962,Garrett Oneil,10/2/61,8045 Couch,Naperville,60447,Illinois,325 556 7891
963,Gloria Herring,1/22/43,8043 Gordon,Independence,64088,Missouri,208 700 3897
964,Kamren Travis,1/13/04,1442 Nettleton,Orlando,32868,Florida,386 608 4496
965,Haleigh Patel,3/25/34,8482 Webster,San Jose,95918,California,915 788 6936
966,Ernesto Finley,10/23/51,4556 Springfield,Buffalo,14284,New York,512 765 5734
967,Kaelyn Battle,6/27/97,9333 Goethe,Spokane,99246,Washington,515 309 4485
968,Mohammed Fleming,10/28/67,3958 Linden,Hollywood,33026,Florida,785 517 7258
969,Raina Mccarthy,1/15/43,536 Carroll,Winston-salem,27173,North Carolina,817 190 9698
970,Reyna Guerrero,1/25/82,6855 Wilmot,Lubbock,79480,Texas,586 695 3333
971,Kyron Moreno,1/21/45,6053 Lsd Grand Av,St. Louis,63171,Missouri,657 307 7438
972,Scarlet Carpenter,10/1/05,8273 Columbus,Lincoln,68681,Nebraska,214 196 7827
973,Rylie Travis,1/26/95,8231 Stevenson,Augusta,30943,Georgia,513 861 9991
974,Belen Medina,2/11/96,1903 Aberdeen,Durham,27199,North Carolina,606 900 9021
975,Abel Curtis,10/2/91,737 Delano,Elizabeth,7271,New Jersey,580 489 4220
976,Gerald Schneider,11/11/78,9038 Packers,Lubbock,79861,Texas,325 904 2591
977,Jase Juarez,4/29/35,7433 Dan Ryan 51st St,Miami,33159,Florida,843 191 1923
978,Jordyn Pate,2/19/67,8321 Postoffice,Savannah,31363,Georgia,314 200 6244
979,Alexzander Serrano,1/7/38,7075 Loron,Syracuse,13226,New York,336 364 3702
980,Samara Reid,7/17/72,5214 Armstrong,Amarillo,79124,Texas,254 916 2464
981,Brielle Dunn,2/8/60,5682 Pope John Paul Ii,Detroit,48476,Michigan,803 754 8117
982,Nickolas Sutton,10/4/93,8964 99th,Buffalo,14213,New York,385 644 4203
983,Angel Bowers,6/22/44,4236 Cabrini,Glendale,85057,Arizona,940 187 2293
984,Haley Mathews,1/29/49,9089 Anchor,Dayton,45366,Ohio,914 422 4344
985,Kathryn Sykes,5/26/96,6132 Marmora,Montgomery,36126,Alabama,228 789 6642
986,Journee Petty,3/21/43,5894 Janssen,Boise City,83004,Idaho,925 879 6100
987,Callen Sims,3/4/87,5832 East View Park,San Diego,92553,California,479 551 8478
988,Kathryn Valdez,8/24/95,7866 Logan,New Orleans,70078,Louisiana,774 332 6334
989,Sierra Weiss,5/22/31,8547 Keokuk,Wichita,67964,Kansas,714 296 8048
990,Emma Mcintyre,1/11/43,4029 Haul,Fort Wayne,46334,Indiana,352 492 4433
991,Alessandra Curtis,7/25/32,2126 Eisenhower Homan Av,West Valley City,84096,Utah,985 418 9921
992,Katherine West,7/21/30,8955 98th,Aurora,60565,Illinois,602 474 1075
993,Kira Solomon,9/29/17,946 Circle,Fort Lauderdale,33988,Florida,870 582 6690
994,Matias Cabrera,6/3/83,9763 Dan Ryan Ob Dan Ryan,Sacramento,95917,California,619 303 6832
995,Milania Colon,3/28/20,1767 Giles,Murfreesboro,37100,Tennessee,561 328 9927
996,Alissa Byrd,1/15/37,3756 Stevenson 25th St,Paterson,7548,New Jersey,443 727 0827
997,Rocco Merrill,6/3/16,1236 Doty,North Las Vegas,89537,Nevada,814 740 9309
998,Addyson Russell,5/3/63,9080 Avenue H,Clarksville,37053,Tennessee,218 683 2128
999,Eduardo Casey,5/26/08,966 Lsd Wacker Dr Nb,Nashville,37582,Tennessee,830 941 9105
1000,Brynlee Ruiz,8/22/33,2700 Mclean,Baton Rouge,70206,Louisiana,509 219 7166