1,Hitachi 18v Cordless Compact Pro Driver Drill With Flashlight,153.42
2,Gmc Power Equipment 6.3 Gallon Gmc Syclone 6310 Ultra Quiet And Oil-free Air Compressor,284.69
3,Cgw Abrasives Z-thru Flap Discs - 4 1/2 X 7/8 Z-80 T27 Z-thru Flap Disc,143.38
4,Vim Products Hbr3 Double Ended 1/4-inch Hex Bit Ratchet,282.25
5,Speare Tools Adjustable Speaker-cutter Hole Saw Ab 1610,16.19
6,Vim Products Hbr3 Double Ended 1/4-inch Hex Bit Ratchet,679.72
7,Jaco Jfc010 0.35 Oz Just For Copper Solderless Copper Bonding,194.98
8,Fs-curtis Ct5 5-hp 60-gallon Vertical Two-stage Air Compressor With Thermal Overload In Place Of Sta,868.71
9,"Metabo W8-115qwc Compact Class Professional Series Angle Grinder 4 1/2"" Wheel",577.53
10,Lumberjack Tools Tta2000 2in Industrail Series Tenon Cutter,620.86
11,Campbell Hausfeld Air Compressor Oil - 16 Ounce,24.51
12,Kawasaki 10 Piece Screw Extractor And Drill Bit Set,529.76
13,Black And Decker Dwdck280c2 20v Max Li-ion Compact Drill And Impact Combo Kit,523.1
14,Multi-temp Hybrid Cordless Glue Gun,232.76
15,Campbell Hausfeld Brad Nailer And Stapler,294.8
16,Makita Mklxt311fh 18 Volt Drill And Impact Kit,193.41
17,Black & Decker 56-piece Project Kit With 7.2v Lithium Drill/driver Ldx112pk,165.52
18,Speare Tools Adjustable Quick-cutter Hole Saw Ab 1027,175.43
19,Hitachi 3.25 Framing Nailers Nr83a2,149.84
20,Speare Tools Adjustable Quick-cutter Hole Saw Ab 1027,104.16
21,Eclipse Ss-206e Temperature Controlled Soldering Station With Analog Display,73.75
22,"Bostitch 6.5 Amp 3/8"" Drill Bte100k",264.55
23,California Air Tools 4.6 Gallon Ultra Quiet And Oil-free 2.0 Hp Aluminum Twin Tank Air Compressor,325.89
24,Hitachi 2 1/4 Horsepower 11 Amp Plunge And Fixed Base Variable Speed Router Kit,160.44
25,Stanley Fatmax 20-volt Lithium Battery Fmc680l,461.66
26,Mayflower 20511 8 Inch Electric Heat Sealer,434.41
27,Stalwart Cordless Screwdriver With 11 Bits,7.76
28,"Bostitch 6.5 Amp 3/8"" Drill Bte100k And Bonus Drill Bit Bundle",229.22
29,Hitachi 83-piece Drill And Driver Bit Set,412.53
30,Motor Trend Cpm-0610 110-volt Ac Home Air Compressor,232.23
31,Ingersoll Rand 244a 1/2-inch Drive Super Duty Impact Wrench,153.65
32,Dewalt Dck413s2 12-volt Li-ion 4-tool Combo Kit,440.22
33,Eclipse 900-206 Helping Hands With Solder Iron Holder - 2.5x,454.77
34,Stanley Bostitch Gr25-2 Glueshot Dual Melt High/low Temperature Glue Gun,46.62
35,Powermate Proforce 10 Gallon Portable Air Tank,99.29
36,Rockwell Shopseries 1.5 Amp Corner Sander Kit,363.11
37,Gmc Power Equipment 1.6 Gallon Gmc Syclone 1610a Ultra Quiet And Oil-free Air Compressor,30.22
38,Black & Decker Vs Jig Saw Js515,512.82
39,Dremel Saw-max Tool Kit Sm20-03,149.8
40,"Great Neck Saw Ra14 1/4"" Drive Forward And Reverse Ratchet",7.87
41,Skil 735-0118v Octo Multi-finishing Sander,1.29
42,Bostitch 2.5 Gallon 150 Psi Suitcase-style Air Compressor Btfp01012,44.3
43,Black & Decker Matrix Trim Saw Head Attachment Bdcmtts,225.57
44,"Positec Usa Inc Rk7867 6"" 1/2 Hp Pro Series Bench Grinder",329.86
45,Wen 5.2 Amp Electric Pole Saw,80.16
46,Campbell Hausfeld 2-1/2 Finish Nailer (16 Gauge),214.81
47,Fry Technologies Cookson Elect Am53945 Flo-temp Lead-free Solid Wire Solder,247.58
48,Bosch/rotozip/skil 2354-01 4-volt Lithium Ion Cordless Screwdriver,86.22
49,"Qep Tile Tools 60089 7"" Portable Tile Saw",72.28
50,Rockwell Shopseries 1.5 Amp Corner Sander Kit,2.5
51,"Bosch Pl1682 3-1/4"" 6-amp Planer",3.32
52,Multi-temp Hybrid Cordless Glue Gun,86.17
53,Dremel Carving/engraving Mini Accessory Kit 689-03,718.6
54,Fry Technologies Cookson Elect Am32406 General Purpose Acid Core Solder,960.7
55,Rubbermaid Wall Washer Replacement Pads White Rcps299,46.15
56,"Bosch Ros10 5"" Palm-grip Random Orbit Sander",115.16
57,Makita Btl061 Lxt 18 Volt Angle Drill Kit,152.85
58,Comstar 10-100 Copper Lock No-heat Solder - 2 Oz.,656.14
59,Warp Brothers Fcp-12 Flex-o-glaze Cleaner And Polisher - 12 Oz.,378.31
60,Chicago Power Tools Power Drill Accessory Set 75-piece,33.45
61,Black & Decker 2.4v Direct Plug Screwdriver Dp240,61.19
62,Astro Pneumatic 223k Air Belt Sander,339.65
63,Vim Products 12mm Triple Square Bit,67.73
64,"Dremel Sm600 3"" Multi-purpose Flush Cut Carbide Wheel",115.4
65,Gmc Power Equipment 6.3 Gallon Gmc Syclone 6310 Ultra Quiet And Oil-free Air Compressor,282.14
66,"Bostitch 100 Ft Air Compressor Hose Prozhoze 3/8"" X 100 Pro-38100",410.51
67,Powryte Dual Action Air Sander 100112a,577.6
68,Great Neck Saw 17612 Soldering Iron,100.35
69,"Bosch 1375a 4-1/2"" Angle Grinder",367.89
70,Campbell-hausfeld Mp5142 Air Chuck With Gauge,50.07
71,Buffalo Tools Pro Series 12 Piece Router Bit Set,707.09
72,"Bosch/rotozip/skil 2354-02 4-volt I "" X 03 Cordless Screwdriver",227.16
73,"Black & Decker 5.2a 3.25"" Planer Kit 7698k",83.46
74,Black & Decker 18v Cordless Drill,61.25
75,Rockwell Shopseries 8 Amp Variable Speed Reciprocating Saw Kit,42.32
76,Primefit Garage Inflator With Air Accessory Kit And Storage Case,347.15
77,Arrow Fastener Heavy Duty Plier Type Stapler,146.11
78,"Skil 7-1/4"" 150-tooth Steel Circular Saw Blade 74715",771.21
79,Dremel Two Speed Rotary Tool Kit With 15 Accessories 200-1-15,368.61
80,Black & Decker 56-piece Project Kit With 7.2v Lithium Drill/driver Ldx112pk,527.15
81,Bosch 2240-01 12 Volt Cordless Drill And Driver,762.77
82,"Ad-tech: High-temp Glue Sticks 5/16"" X 4"" 100pk",203.54
83,Black & Decker 30-piece Bullet Screwdriving And Drilling Set 71-130,26.08
84,Arrow Pneumatic Pneumasterair 1/2 Filter/regulator With Gauge,55.39
85,Kawasaki 14.4v 20 Piece Cordless Drill Kit In Black,86.66
86,Buffalo Tools Sportsman Work Table,251.28
87,Bosch Pr20evsk Colt Variable Speed Palm Router Kit,32.62
88,Aaa 250psi 6-in-1 Air Compressor,40.21
89,Surebonder Mini Dual Temperature Glue Gun,85.19
90,Hitachi 18v Cordless Compact Pro Driver Drill With Flashlight,7.81
91,"Skil 1810 1/4"" Fixed Base Router",79.54
92,Buffalo Tools 5 Speed Drill Press,69.7
93,Ad Tech Hi-temp Full Size Glue Gun,588.39
94,Black & Decker Matrix Oscillating Head Attachment Bdcmto,566.58
95,Ultra Steel 3.0 Amp Jig Saw,91.05
96,Lincoln Industrial 14.4 Volt Powerlube Kit - 2 Battery,111.29
97,Ultra Steel 4-piece 18v Cordless Power Tool Kit,173.11
98,Motor Trend Cpm-0610 110-volt Ac Home Air Compressor,374.81
99,Black & Decker 109-piece Basic Project Set 71-0109,319.52
100,Black & Decker 1375w Heat Gun,297.42